id,json_truth,url
0,"{
    ""uuid"": ""63c56dd4-1e7f-11f0-b2a8-b8ca3af3851a"",
    ""results"": [
        {
            ""file_name"": ""1.PTD_2018.4.pdf"",
            ""extract_data"": {
                ""classes_name_info_invoices"": {
                    ""registration_location"": ""Sở Kế Hoạch và Đầu Tư Thành Phố Hồ Chí Minh Phòng đăng ký kinh doanh"",
                    ""business_type"": ""Doanh nghiệp"",
                    ""business_code"": ""0302365984"",
                    ""business_regis_code"": """",
                    ""regis_date"": ""07/01/2008"",
                    ""date_of_change"": ""24/10/2014""
                },
                ""classes_name_info_company"": {
                    ""company_name"": ""Công Ty Cổ Phần Thiết Kế Xây Dựng Thương Mại Phúc Thịnh"",
                    ""company_name_vi"": ""CÔNG TY CỔ PHẦN THIẾT KẾ XÂY DỰNG THƯƠNG MẠI PHÚC THỊNH"",
                    ""company_name_en"": ""PHUC THINH DESIGN CONSTRUCTION TRADING CORPORATION"",
                    ""short_name"": """",
                    ""company_address"": ""Số 2 Cộng Hòa, Phường 4, Quận Tân Bình, Thành phố Hồ Chí Minh, Việt Nam"",
                    ""company_phone"": ""08.38116823"",
                    ""fax"": ""08.38116843"",
                    ""email"": """",
                    ""website"": ""www.phucthinh.com.vn"",
                    ""business_entity"": """",
                    ""business_field"": ""Xây dựng nhà các loại, Chuẩn bị mặt bằng, Sửa chữa máy móc, thiết bị, Hoạt động kiến trúc và tư vấn kỹ thuật có liên quan, Xây dựng công trình đường sắt và đường bộ, Hoạt động thiết kế chuyên dụng, Xây dựng công trình kỹ thuật dân dụng khác, Sửa chữa thiết bị điện, Đại lý, môi giới, đấu giá, Lắp đặt hệ thống điện, Lắp đặt hệ thống cấp, thoát nước, lò sưởi và điều hòa không khí, Cho thuê máy móc, thiết bị và đồ dùng hữu hình khác, Bán buôn máy móc, thiết bị và phụ tùng máy khác, Bán buôn kim loại và quặng kim loại, Kinh doanh bất động sản, quyền sử dụng đất thuộc chủ sở hữu, chủ sử dụng hoặc đi thuê, Sản xuất các cấu kiện kim loại, Bán buôn vật liệu, thiết bị lắp đặt khác trong xây dựng"",
                    ""business_field_id"": [
                        ""4100"",
                        ""4312"",
                        ""3312"",
                        ""7110"",
                        ""4210"",
                        ""7410"",
                        ""4290"",
                        ""3314"",
                        ""4610"",
                        ""4321"",
                        ""4322"",
                        ""4659"",
                        ""4662"",
                        ""6810"",
                        ""2511"",
                        ""7730"",""4663""
                    ],
                    ""authorized_capital"": ""32.000.000.000 đồng"",
                    ""authorized_capital_num"": ""32.000.000.000 đồng"",
                    ""authorized_capital_char"": ""Ba mươi hai tỷ đồng"",
                    ""par_value"": ""10.000 đồng"",
                    ""total_share"": ""3.200.000"",
                    ""shares_available_for_sale"": ""0""
                },
                ""classes_name_key_contributior"": [
                    {
                        ""order_number"": ""1"",
                        ""person_name"": ""Bùi Quang Huấn"",
                        ""representative_address"": ""20-G4 Khu Định Cư Tân Quy Đông, Phường Tân Phong, Quận 7, Thành phố Hồ Chí Minh, Việt Nam"",
                        ""household_address"": """",
                        ""nationality"": """",
                        ""share_type"": ""Cổ phần phổ thông"",
                        ""number_of_shares"": ""180.000"",
                        ""share_value"": ""1.800.000.000 VND"",
                        ""proportion"": ""18"",
                        ""card_number"": ""024862533"",
                        ""note"": """",
                        ""dob"": """",
                        ""issue_date"": """",
                        ""issued_at"": """",
                        ""card_type"": """",
                        ""gender"": """",
                        ""representative_title"": """",
                        ""ethnicity"": """"
                    },
                    {
                        ""order_number"": ""2"",
                        ""person_name"": ""Hồ Thanh Đức"",
                        ""representative_address"": ""Số 118 Thủ Khoa Huân, Phường 1, Thành phố Tân An, Tỉnh Long An, Việt Nam"",
                        ""household_address"": """",
                        ""nationality"": """",
                        ""share_type"": ""Cổ phần phổ thông"",
                        ""number_of_shares"": ""50.000"",
                        ""share_value"": ""500.000.000 VND"",
                        ""proportion"": ""5"",
                        ""card_number"": ""300459688"",
                        ""note"": """",
                        ""dob"": """",
                        ""issue_date"": """",
                        ""issued_at"": """",
                        ""card_type"": """",
                        ""gender"": """",
                        ""representative_title"": """",
                        ""ethnicity"": """"
                    },
                    {
                        ""order_number"": ""3"",
                        ""person_name"": ""Lư Trung Thạch"",
                        ""representative_address"": ""80/57 Trần Quang Diệu, Phường 14, Quận 3, Thành phố Hồ Chí Minh, Việt Nam"",
                        ""household_address"": """",
                        ""nationality"": """",
                        ""share_type"": ""Cổ phần phổ thông"",
                        ""number_of_shares"": ""50.000"",
                        ""share_value"": ""500.000.000 VND"",
                        ""proportion"": ""5"",
                        ""card_number"": ""024208170"",
                        ""note"": """",
                        ""dob"": """",
                        ""issue_date"": """",
                        ""issued_at"": """",
                        ""card_type"": """",
                        ""gender"": """",
                        ""representative_title"": """",
                        ""ethnicity"": """"
                    },
                    {
                        ""order_number"": ""4"",
                        ""person_name"": ""Nguyễn Hoàng Vũ"",
                        ""representative_address"": ""Mỹ Tân, Thị trấn Mỹ Luông, Huyện Chợ Mới, Tỉnh An Giang, Việt Nam"",
                        ""household_address"": """",
                        ""nationality"": """",
                        ""share_type"": ""Cổ phần phổ thông"",
                        ""number_of_shares"": ""10.000"",
                        ""share_value"": ""100.000.000 VND"",
                        ""proportion"": ""1"",
                        ""card_number"": ""351150949"",
                        ""note"": """",
                        ""dob"": """",
                        ""issue_date"": """",
                        ""issued_at"": """",
                        ""card_type"": """",
                        ""gender"": """",
                        ""representative_title"": """",
                        ""ethnicity"": """"
                    },
                    {
                        ""order_number"": ""5"",
                        ""person_name"": ""Tô Khải Đạt"",
                        ""representative_address"": ""57 Nguyễn Bỉnh Khiêm, Phường Đa Kao, Quận 1, Thành phố Hồ Chí Minh, Việt Nam"",
                        ""household_address"": """",
                        ""nationality"": """",
                        ""share_type"": ""Cổ phần phổ thông"",
                        ""number_of_shares"": ""360.000"",
                        ""share_value"": ""3.600.000.000 VND"",
                        ""proportion"": ""36"",
                        ""card_number"": ""020028183"",
                        ""note"": """",
                        ""dob"": """",
                        ""issue_date"": """",
                        ""issued_at"": """",
                        ""card_type"": """",
                        ""gender"": """",
                        ""representative_title"": """",
                        ""ethnicity"": """"
                    },
                    {
                        ""order_number"": ""6"",
                        ""person_name"": ""Trần Minh Trúc"",
                        ""representative_address"": ""755 Nguyễn Xiển, Phường Long Thạnh Mỹ, Quận 9, Thành phố Hồ Chí Minh, Việt Nam"",
                        ""household_address"": """",
                        ""nationality"": """",
                        ""share_type"": ""Cổ phần phổ thông"",
                        ""number_of_shares"": ""50.000"",
                        ""share_value"": ""500.000.000 VND"",
                        ""proportion"": ""5"",
                        ""card_number"": ""022922305"",
                        ""note"": """",
                        ""dob"": """",
                        ""issue_date"": """",
                        ""issued_at"": """",
                        ""card_type"": """",
                        ""gender"": """",
                        ""representative_title"": """",
                        ""ethnicity"": """"
                    }
                ],
                ""classes_name_key_legal_representative"": [],
                ""classes_name_key_company_owner_info"": [],
                ""classes_name_company_branch"": []
            }
        }
    ],
    ""status"": 200,
    ""message"": ""thành công"",
    ""business_warning"": false,
    ""page_numbers"": 0,
    ""response_warning"": false,
    ""use_llm"": true
}",https://drive.google.com/file/d/1L7bFj4LF669oyRvcKiDVgXlW1D3Paa2r/view?usp=sharing
1,"{
    ""uuid"": ""3bbfe29c-1e84-11f0-b2a8-b8ca3af3851a"",
    ""results"": [
        {
            ""file_name"": ""18. Giay chung nhan DKKD WSB - Thay doi lan 5 cap ngay 16_09_2008_Signed_page_1.jpg"",
            ""extract_data"": {
                ""classes_name_info_invoices"": {
                    ""registration_location"": ""Sở Kế Hoạch Và Đầu Tư TP Cần Thơ Phòng Đăng Ký Kinh Doanh"",
                    ""business_type"": ""Công ty cổ phần"",
                    ""business_code"": ""5703000144"",
                    ""business_regis_code"": """",
                    ""regis_date"": ""13/04/2005"",
                    ""date_of_change"": ""16/09/2008""
                },
                ""classes_name_info_company"": {
                    ""company_name"": ""Công Ty Cổ Phần Bia Sài Gòn Miền Tây"",
                    ""company_name_vi"": ""Công Ty Cổ Phần Bia Sài Gòn Miền Tây"",
                    ""company_name_en"": ""Saigon Beer Western Joint Stock Company"",
                    ""short_name"": """",
                    ""company_address"": ""Khu CN Trà Nóc, P. Trà Nóc, Q. Bình Thủy, TP Cần Thơ"",
                    ""company_phone"": ""0710.843333"",
                    ""fax"": ""071.843222"",
                    ""email"": ""wsb@vnn.vn"",
                    ""website"": """",
                    ""business_entity"": """",
                    ""business_field"": ""Sản xuất, kinh doanh các sản phẩm bia, cồn, nước giải khát. Kinh doanh chế biến nông sản để làm nguyên liệu sản xuất bia, cồn, nước giải khát và xuất khẩu. Kinh doanh địa ốc. Kinh doanh nhà hàng, văn phòng, nhà kho, bãi. Chế biến, kinh doanh thức ăn gia súc. Nuôi trồng thủy hải sản. Kinh doanh vật tư nguyên liệu, thiết bị, phụ tùng chuyên ngành sản xuất bia, nước giải khát. Vận tải hàng hóa đường bộ."",
                    ""business_field_id"": [],
                    ""authorized_capital"": ""145.000.000.000 đồng"",
                    ""authorized_capital_num"": ""145.000.000.000 đồng"",
                    ""authorized_capital_char"": """",
                    ""par_value"": ""10.000 đồng"",
                    ""total_share"": ""14.500.000 cổ phần"",
                    ""shares_available_for_sale"": """"
                },
                ""classes_name_key_contributior"": [
                    {
                        ""order_number"": ""1"",
                        ""person_name"": ""Tổng công ty Cổ phần Bia rượu-NGK Sài Gòn"",
                        ""representative_address"": """",
                        ""household_address"": ""06 Hai Bà Trưng, P. Bến Nghé, Q.1, TP HCM"",
                        ""nationality"": """",
                        ""share_type"": """",
                        ""number_of_shares"": ""7.395.000"",
                        ""share_value"": """",
                        ""proportion"": """",
                        ""card_number"": """",
                        ""note"": ""Đd: Phạm Thị Hồng Hạnh, Phạm Đình Hùng, Trần Công Trước"",
                        ""dob"": """",
                        ""issue_date"": """",
                        ""issued_at"": """",
                        ""card_type"": """",
                        ""gender"": """",
                        ""representative_title"": """",
                        ""ethnicity"": """"
                    },
                    {
                        ""order_number"": ""2"",
                        ""person_name"": ""Đỗ Văn Vẻ"",
                        ""representative_address"": """",
                        ""household_address"": ""Xã Thái Phương, huyện Hưng Hà, tỉnh Thái Bình"",
                        ""nationality"": """",
                        ""share_type"": """",
                        ""number_of_shares"": ""75.000"",
                        ""share_value"": """",
                        ""proportion"": """",
                        ""card_number"": """",
                        ""note"": """",
                        ""dob"": """",
                        ""issue_date"": """",
                        ""issued_at"": """",
                        ""card_type"": """",
                        ""gender"": """",
                        ""representative_title"": """",
                        ""ethnicity"": """"
                    },
                    {
                        ""order_number"": ""3"",
                        ""person_name"": ""Cổ đông khác"",
                        ""representative_address"": """",
                        ""household_address"": """",
                        ""nationality"": """",
                        ""share_type"": """",
                        ""number_of_shares"": ""10.590"",
                        ""share_value"": """",
                        ""proportion"": """",
                        ""card_number"": """",
                        ""note"": """",
                        ""dob"": """",
                        ""issue_date"": """",
                        ""issued_at"": """",
                        ""card_type"": """",
                        ""gender"": """",
                        ""representative_title"": """",
                        ""ethnicity"": """"
                    }
                ],
                ""classes_name_key_legal_representative"": [
                    {
                        ""order_number"": """",
                        ""person_name"": ""Phạm Đình Hùng"",
                        ""representative_address"": ""350A Nơ Trang Long, P.13, Q. Bình Thạnh, TP HCM"",
                        ""household_address"": ""350A Nơ Trang Long, P.13, Q. Bình Thạnh, TP HCM"",
                        ""nationality"": ""Việt Nam"",
                        ""share_type"": """",
                        ""number_of_shares"": """",
                        ""share_value"": """",
                        ""proportion"": """",
                        ""card_number"": ""024099733"",
                        ""note"": """",
                        ""dob"": ""05/11/1956"",
                        ""issue_date"": ""08/7/2003"",
                        ""issued_at"": ""CA TP HCM"",
                        ""card_type"": """",
                        ""gender"": ""Nam"",
                        ""representative_title"": ""Giám đốc"",
                        ""ethnicity"": ""Kinh""
                    }
                ],
                ""classes_name_key_company_owner_info"": [],
                ""classes_name_company_branch"": []
            }
        }
    ],
    ""status"": 200,
    ""message"": ""thành công"",
    ""business_warning"": false,
    ""page_numbers"": 0,
    ""response_warning"": false,
    ""use_llm"": true
}",https://drive.google.com/file/d/19cYASOFfWeLB1-G6kH4W6_3Otb9EYk4l/view?usp=drive_link
2,"{
    ""uuid"": ""f368af24-1e88-11f0-b2a8-b8ca3af3851a"",
    ""results"": [
        {
            ""file_name"": ""20140505---HAR---Thay-doi-GCN-DKKD-lan-7_page_2.pdf"",
            ""extract_data"": {
                ""classes_name_info_invoices"": {
                    ""registration_location"": ""Sở Kế Hoạch và Đầu Tư Thành Phố Hồ Chí Minh Phòng Đăng Ký Kinh Doanh"",
                    ""business_type"": ""Doanh nghiệp"",
                    ""business_code"": ""0305087904"",
                    ""business_regis_code"": """",
                    ""regis_date"": ""10/07/2007"",
                    ""date_of_change"": ""26/04/2014""
                },
                ""classes_name_info_company"": {
                    ""company_name"": ""Công Ty Cổ Phần Đầu Tư Thương Mại Bất Động Sản An Dương Thảo Điền"",
                    ""company_name_vi"": ""Công Ty Cổ Phần Đầu Tư Thương Mại Bất Động Sản An Dương Thảo Điền"",
                    ""company_name_en"": """",
                    ""short_name"": ""Công Ty Cổ Phần An Dương Thảo Điền"",
                    ""company_address"": ""Số 81-83-85 Tòa nhà Fideco Tower, đường Hàm Nghi, Phường Nguyễn Thái Bình, Quận 1, Thành phố Hồ Chí Minh, Việt Nam"",
                    ""company_phone"": ""08-62754816"",
                    ""fax"": ""08-38442194"",
                    ""email"": ""info@adtdgroup.com"",
                    ""website"": ""www.adtdgroup.com"",
                    ""business_entity"": """",
                    ""business_field"": ""Kinh doanh bất động sản, quyền sử dụng đất thuộc chủ sở hữu, chủ sử dụng hoặc đi thuê, Xây dựng công trình kỹ thuật dân dụng khác, Giặt là, làm sạch các sản phẩm dệt và lông thú, Vệ sinh chung nhà cửa, Vệ sinh nhà cửa và các công trình khác, Dịch vụ chăm sóc và duy trì cảnh quan, Hoạt động của các cơ sở thể thao, Hoạt động của các câu lạc bộ thể thao, Bảo dưỡng, sửa chữa ô tô và xe có động cơ khác, Bảo dưỡng và sửa chữa mô tô, xe máy, Sửa chữa và bảo dưỡng phương tiện vận tải, Bán buôn đồ dùng khác cho gia đình, Cung cấp dịch vụ ăn uống theo hợp đồng không thường xuyên với khách hàng, Cho thuê thiết bị thể thao, vui chơi giải trí, Cho thuê máy móc, thiết bị và đồ dùng hữu hình khác, Đại lý, môi giới, đấu giá, Vận tải hành khách ven biển và viễn dương, Vận tải hàng hóa đường thủy nội địa, Vận tải hành khách đường thủy nội địa, Hoạt động dịch vụ hỗ trợ trực tiếp cho vận tải đường thủy, Khai thác và thu gom than cứng, Khai thác và thu gom than bùn, Khai thác và thu gom than non, Khai thác quặng sắt, Khai thác quặng kim loại khác không chứa sắt, Khai thác quặng kim loại quí hiếm, Khai thác đá, cát, sỏi, đất sét, Khai thác khoáng hoá chất và khoáng phân bón, Khai thác muối, Sản xuất khác chưa được phân vào đâu, Bán buôn chuyên doanh khác chưa được phân vào đâu, Bán lẻ đồ ngũ kim, sơn, kính và thiết bị lắp đặt khác trong xây dựng, Bán lẻ đồ điện gia dụng, giường, tủ, bàn, ghế và đồ nội thất tương tự, Bán buôn nhiên liệu rắn, lỏng, khí và các sản phẩm liên quan, Bán buôn vật liệu, thiết bị lắp đặt khác trong xây dựng, Vận tải hàng hóa ven biển và viễn dương, Bốc xếp hàng hóa, Bán mô tô, xe máy, Bán phụ tùng và các bộ phận phụ trợ của ô tô và xe có động cơ khác, Bán buôn ô tô và xe có động cơ khác, Bán phụ tùng và các bộ phận phụ trợ của mô tô, xe máy"",
                    ""business_field_id"": [
                        ""6810"",
                        ""4290"",
                        ""9620"",
                        ""8121"",
                        ""8129"",
                        ""8130"",
                        ""9311"",
                        ""9312"",
                        ""4520"",
                        ""4542"",
                        ""3315"",
                        ""4649"",
                        ""5621"",
                        ""7721"",
                        ""7730"",
                        ""4610"",
                        ""5011"",
                        ""5022"",
                        ""5021"",
                        ""5222"",
                        ""0510"",
                        ""0892"",
                        ""0520"",
                        ""0710"",
                        ""0722"",
                        ""0730"",
                        ""0810"",
                        ""0891"",
                        ""0893"",
                        ""3290"",
                        ""4669"",
                        ""4752"",
                        ""4759"",
                        ""4661"",
                        ""4663"",
                        ""5012"",
                        ""5224"",
                        ""4541"",
                        ""4530"",
                        ""4511"",
                        ""4543""
                    ],
                    ""authorized_capital"": ""363.998.750.000 đồng"",
                    ""authorized_capital_num"": ""363.998.750.000 đồng"",
                    ""authorized_capital_char"": ""Ba trăm sáu mươi ba tỷ chín trăm chín mươi tám triệu bảy trăm năm mươi nghìn đồng"",
                    ""par_value"": ""10.000 đồng"",
                    ""total_share"": ""36.399.875"",
                    ""shares_available_for_sale"": ""0""
                },
                ""classes_name_key_contributior"": [
                    {
                        ""order_number"": ""1"",
                        ""person_name"": ""Nguyễn Bùi Ấu Lai"",
                        ""representative_address"": ""331/1Bis Nam Kỳ Khởi Nghĩa, Phường 7, Quận 3, Việt Nam"",
                        ""household_address"": """",
                        ""nationality"": """",
                        ""share_type"": ""Cổ phần phổ thông"",
                        ""number_of_shares"": ""150.000"",
                        ""share_value"": ""15.000.000.000 (VND)"",
                        ""proportion"": ""15"",
                        ""card_number"": ""021861451"",
                        ""note"": """",
                        ""dob"": """",
                        ""issue_date"": """",
                        ""issued_at"": """",
                        ""card_type"": """",
                        ""gender"": """",
                        ""representative_title"": """",
                        ""ethnicity"": """"
                    },
                    {
                        ""order_number"": ""2"",
                        ""person_name"": ""Nguyễn Gia Bảo"",
                        ""representative_address"": ""100 Thạch Thị Thanh, Phường Tân Định, Quận 1, Việt Nam"",
                        ""household_address"": """",
                        ""nationality"": """",
                        ""share_type"": ""Cổ phần phổ thông"",
                        ""number_of_shares"": ""500.000"",
                        ""share_value"": ""50.000.000.000 (VND)"",
                        ""proportion"": ""50"",
                        ""card_number"": ""022014605"",
                        ""note"": """",
                        ""dob"": """",
                        ""issue_date"": """",
                        ""issued_at"": """",
                        ""card_type"": """",
                        ""gender"": """",
                        ""representative_title"": """",
                        ""ethnicity"": """"
                    },
                    {
                        ""order_number"": ""3"",
                        ""person_name"": ""Nguyễn Nhân Bảo"",
                        ""representative_address"": ""18 Lý Thái Tổ, Phường 2, Quận 3, Việt Nam"",
                        ""household_address"": """",
                        ""nationality"": """",
                        ""share_type"": ""Cổ phần phổ thông"",
                        ""number_of_shares"": ""100.000"",
                        ""share_value"": ""10.000.000.000 (VND)"",
                        ""proportion"": ""10"",
                        ""card_number"": ""022595066"",
                        ""note"": """",
                        ""dob"": """",
                        ""issue_date"": """",
                        ""issued_at"": """",
                        ""card_type"": """",
                        ""gender"": """",
                        ""representative_title"": """",
                        ""ethnicity"": """"
                    },
                    {
                        ""order_number"": ""4"",
                        ""person_name"": ""Nguyễn Thị Thanh Hương"",
                        ""representative_address"": ""384/48 Nam Kỳ Khởi Nghĩa, Phường 8, Quận 3, Việt Nam"",
                        ""household_address"": """",
                        ""nationality"": """",
                        ""share_type"": ""Cổ phần phổ thông"",
                        ""number_of_shares"": ""250.000"",
                        ""share_value"": ""25.000.000.000 (VND)"",
                        ""proportion"": ""25"",
                        ""card_number"": ""022590566"",
                        ""note"": """",
                        ""dob"": """",
                        ""issue_date"": """",
                        ""issued_at"": """",
                        ""card_type"": """",
                        ""gender"": """",
                        ""representative_title"": """",
                        ""ethnicity"": """"
                    }
                ],
                ""classes_name_key_legal_representative"": [],
                ""classes_name_key_company_owner_info"": [],
                ""classes_name_company_branch"": []
            }
        }
    ],
    ""status"": 200,
    ""message"": ""thành công"",
    ""business_warning"": false,
    ""page_numbers"": 0,
    ""response_warning"": false,
    ""use_llm"": true
}",https://drive.google.com/file/d/1_X2lrkqIxqj8N75uyL5ouXwCghkT3Dpu/view?usp=drive_link
3,"{
    ""uuid"": ""a14bd10e-1e91-11f0-b2a8-b8ca3af3851a"",
    ""results"": [
        {
            ""file_name"": ""20141015---HSG--CBTT-Giay-CNDKHD-Chi-nhanh-Yen-Khanh--Ninh-Binh_page_2.pdf"",
            ""extract_data"": {
                ""classes_name_info_invoices"": {
                    ""registration_location"": ""Sở Kế Hoạch Và Đầu Tư Tỉnh Ninh Bình Phòng Đăng Ký Kinh Doanh"",
                    ""business_type"": """",
                    ""business_code"": ""3700381324-161"",
                    ""business_regis_code"": """",
                    ""regis_date"": ""10/10/2014"",
                    ""date_of_change"": """"
                },
                ""classes_name_info_company"": {
                    ""company_name"": ""CHI NHÁNH CÔNG TY CỔ PHẦN TẬP ĐOÀN HOA SEN TẠI YÊN KHÁNH - NINH BÌNH"",
                    ""company_name_vi"": ""CHI NHÁNH CÔNG TY CỔ PHẦN TẬP ĐOÀN HOA SEN TẠI YÊN KHÁNH - NINH BÌNH"",
                    ""company_name_en"": """",
                    ""short_name"": """",
                    ""company_address"": ""Quốc lộ 10, Xã Khánh An, Huyện Yên Khánh, Tỉnh Ninh Bình, Việt Nam"",
                    ""company_phone"": ""0965615002"",
                    ""fax"": """",
                    ""email"": """",
                    ""website"": """",
                    ""business_entity"": """",
                    ""business_field"": ""Gia công cơ khí; xử lý và tráng phủ kim loại, Sản xuất vật liệu xây dựng từ đất sét, Bán buôn kim loại và quặng kim loại, Sản xuất sản phẩm từ plastic, Bán buôn vật liệu, thiết bị lắp đặt khác trong xây dựng, Rèn, dập, ép và cán kim loại; luyện bột kim loại, Kho bãi và lưu giữ hàng hóa"",
                    ""business_field_id"": [
                        ""2592"",
                        ""2392"",
                        ""4662"",
                        ""2220"",
                        ""4663"",
                        ""2591"",
                        ""5210""
                    ],
                    ""authorized_capital"": """",
                    ""authorized_capital_num"": """",
                    ""authorized_capital_char"": """",
                    ""par_value"": """",
                    ""total_share"": """",
                    ""shares_available_for_sale"": """"
                },
                ""classes_name_key_contributior"": [],
                ""classes_name_key_legal_representative"": [
                    {
                        ""order_number"": """",
                        ""person_name"": ""ĐÀO ANH HÙNG"",
                        ""representative_address"": ""Số 31, Đường Duy Tân, Phường Nam Ngạn, Thành phố Thanh Hoá, Tỉnh Thanh Hoá, Việt Nam"",
                        ""household_address"": ""Quốc lộ 10, Xã Khánh An, Huyện Yên Khánh, Tỉnh Ninh Bình, Việt Nam"",
                        ""nationality"": ""Việt Nam"",
                        ""share_type"": """",
                        ""number_of_shares"": """",
                        ""share_value"": """",
                        ""proportion"": """",
                        ""card_number"": ""173359843"",
                        ""note"": """",
                        ""dob"": ""09/03/1991"",
                        ""issue_date"": ""17/07/2008"",
                        ""issued_at"": ""Công an tỉnh Thanh Hoá"",
                        ""card_type"": ""Giấy chứng minh nhân dân"",
                        ""gender"": ""Nam"",
                        ""representative_title"": """",
                        ""ethnicity"": ""Kinh""
                    }
                ],
                ""classes_name_key_company_owner_info"": [
                    {
                        ""order_number"": """",
                        ""person_name"": """",
                        ""representative_address"": """",
                        ""household_address"": """",
                        ""nationality"": """",
                        ""share_type"": """",
                        ""number_of_shares"": """",
                        ""share_value"": """",
                        ""proportion"": """",
                        ""card_number"": """",
                        ""note"": """",
                        ""dob"": """",
                        ""issue_date"": """",
                        ""issued_at"": """",
                        ""card_type"": """",
                        ""gender"": """",
                        ""representative_title"": """",
                        ""ethnicity"": """",
                        ""owner_organize_name"": ""CÔNG TY CỔ PHẦN TẬP ĐOÀN HOA SEN"",
                        ""owner_organize_code"": ""3700381324"",
                        ""owner_organize_issue_date"": """",
                        ""owner_organize_issued_at"": """",
                        ""owner_organize_address"": ""Số 9, Đại lộ Thống Nhất, Khu công nghiệp Sóng Thần II, Phường Dĩ An, Thị Xã Dĩ An, Tỉnh Bình Dương, Việt Nam""
                    }
                ],
                ""classes_name_company_branch"": []
            }
        }
    ],
    ""status"": 200,
    ""message"": ""thành công"",
    ""business_warning"": false,
    ""page_numbers"": 0,
    ""response_warning"": false,
    ""use_llm"": true
}",https://drive.google.com/file/d/1tdQz_3l6z3s_FPNjJZmM_wJMxkWwc01A/view?usp=drive_link
4,"{
    ""uuid"": ""bca6ada4-1e94-11f0-b2a8-b8ca3af3851a"",
    ""results"": [
        {
            ""file_name"": ""dkkd_a411be290afa4221803592ccde87e688_1024x1024.jpg"",
            ""extract_data"": {
                ""classes_name_info_invoices"": {
                    ""registration_location"": ""Sở Kế Hoạch và Đầu Tư Thành Phố Hà Nội Phòng đăng ký kinh doanh"",
                    ""business_type"": ""Doanh nghiệp"",
                    ""business_code"": ""0101218588"",
                    ""business_regis_code"": """",
                    ""regis_date"": ""02/11/2001"",
                    ""date_of_change"": ""21/12/2023""
                },
                ""classes_name_info_company"": {
                    ""company_name"": ""CÔNG TY CỔ PHẦN SỮA HÀ NỘI"",
                    ""company_name_vi"": ""CÔNG TY CỔ PHẦN SỮA HÀ NỘI"",
                    ""company_name_en"": ""HANOI MILK JOINT-STOCK COMPANY"",
                    ""short_name"": ""HANOIMILK., JSC."",
                    ""company_address"": ""Km 9, đường Bắc Thăng Long, Nội Bài, Khu công nghiệp Quang Minh, Thị Trấn Quang Minh, Huyện Mê Linh, Thành phố Hà Nội, Việt Nam"",
                    ""company_phone"": ""0248866567 / 0248866563"",
                    ""fax"": ""0248866564"",
                    ""email"": ""info@hanoimilk.com"",
                    ""website"": ""www.hanoimilk.com"",
                    ""business_entity"": """",
                    ""business_field"": """",
                    ""business_field_id"": [],
                    ""authorized_capital"": ""444.000.000.000 đồng"",
                    ""authorized_capital_num"": ""444.000.000.000 đồng"",
                    ""authorized_capital_char"": ""Bốn trăm bốn mươi bốn tỷ đồng"",
                    ""par_value"": ""10.000 đồng"",
                    ""total_share"": ""44.400.000"",
                    ""shares_available_for_sale"": """"
                },
                ""classes_name_key_contributior"": [],
                ""classes_name_key_legal_representative"": [
                    {
                        ""order_number"": """",
                        ""person_name"": ""HÀ QUANG TUẤN"",
                        ""representative_address"": ""P409 Tòa C4, Phường Thanh Xuân Bắc, Quận Thanh Xuân, Thành phố Hà Nội, Việt Nam"",
                        ""household_address"": ""Số 26 phố Láng Hạ, Phường Láng Hạ, Quận Đống Đa, Thành phố Hà Nội, Việt Nam"",
                        ""nationality"": ""Việt Nam"",
                        ""share_type"": """",
                        ""number_of_shares"": """",
                        ""share_value"": """",
                        ""proportion"": """",
                        ""card_number"": ""034060001740"",
                        ""note"": """",
                        ""dob"": ""14/05/1960"",
                        ""issue_date"": ""31/07/2015"",
                        ""issued_at"": ""Cục cảnh sát ĐKQL cư trú và DLQG về dân cư"",
                        ""card_type"": ""Chứng minh nhân dân"",
                        ""gender"": ""Nam"",
                        ""representative_title"": ""Chủ tịch hội đồng quản trị"",
                        ""ethnicity"": ""Kinh""
                    }
                ],
                ""classes_name_key_company_owner_info"": [],
                ""classes_name_company_branch"": []
            }
        }
    ],
    ""status"": 200,
    ""message"": ""thành công"",
    ""business_warning"": false,
    ""page_numbers"": 0,
    ""response_warning"": false,
    ""use_llm"": true
}",https://drive.google.com/file/d/13wlVXkEtOXQlSwAQOzFUbnuZmHDFTIHt/view?usp=drive_link
5,"{
    ""uuid"": ""ebc1b114-1e95-11f0-b2a8-b8ca3af3851a"",
    ""results"": [
        {
            ""file_name"": ""gcndkkd.jpg"",
            ""extract_data"": {
                ""classes_name_info_invoices"": {
                    ""registration_location"": ""SỞ KẾ HOẠCH VÀ ĐẦU TƯ THÀNH PHỐ CẦN THƠ Phòng Đăng Ký Kinh Doanh"",
                    ""business_type"": ""Doanh nghiệp"",
                    ""business_code"": ""1800155244-006"",
                    ""business_regis_code"": """",
                    ""regis_date"": ""03/06/2019"",
                    ""date_of_change"": """"
                },
                ""classes_name_info_company"": {
                    ""company_name"": ""CHI NHÁNH CẤP NƯỚC HƯNG PHÚ - CÔNG TY CỔ PHẦN CẤP THOÁT NƯỚC CẦN THƠ"",
                    ""company_name_vi"": """",
                    ""company_name_en"": """",
                    ""short_name"": """",
                    ""company_address"": ""52A2 Bùi Quang Trinh, KDC Phú An, Phường Phú Thứ, Quận Cái Răng, Thành phố Cần Thơ, Việt Nam"",
                    ""company_phone"": """",
                    ""fax"": """",
                    ""email"": """",
                    ""website"": """",
                    ""business_entity"": """",
                    ""business_field"": """",
                    ""business_field_id"": [],
                    ""authorized_capital"": """",
                    ""authorized_capital_num"": """",
                    ""authorized_capital_char"": """",
                    ""par_value"": """",
                    ""total_share"": """",
                    ""shares_available_for_sale"": """"
                },
                ""classes_name_key_contributior"": [],
                ""classes_name_key_legal_representative"": [
                    {
                        ""order_number"": """",
                        ""person_name"": ""PHẠM THANH VŨ"",
                        ""representative_address"": """",
                        ""household_address"": """",
                        ""nationality"": ""Việt Nam"",
                        ""share_type"": """",
                        ""number_of_shares"": """",
                        ""share_value"": """",
                        ""proportion"": """",
                        ""card_number"": ""361897780"",
                        ""note"": """",
                        ""dob"": ""21/01/1978"",
                        ""issue_date"": ""14/02/2014"",
                        ""issued_at"": ""CA Cần Thơ"",
                        ""card_type"": ""Chứng minh nhân dân"",
                        ""gender"": ""Nam"",
                        ""representative_title"": """",
                        ""ethnicity"": ""Kinh""
                    }
                ],
                ""classes_name_key_company_owner_info"": [{
                        ""order_number"": """",
                        ""person_name"": """",
                        ""representative_address"": """",
                        ""household_address"": """",
                        ""nationality"": """",
                        ""share_type"": """",
                        ""number_of_shares"": """",
                        ""share_value"": """",
                        ""proportion"": """",
                        ""card_number"": """",
                        ""note"": """",
                        ""dob"": """",
                        ""issue_date"": """",
                        ""issued_at"": """",
                        ""card_type"": """",
                        ""gender"": """",
                        ""representative_title"": """",
                        ""ethnicity"": """",
                        ""owner_organize_name"": ""CÔNG TY CỔ PHẦN CẤP THOÁT NƯỚC CẦN THƠ"",
                        ""owner_organize_code"": ""1800155244"",
                        ""owner_organize_issue_date"": """",
                        ""owner_organize_issued_at"": """",
                        ""owner_organize_address"": ""52A2 Bùi Quang Trinh, KDC Phú An, Phường Phú Thứ, Quận Cái Răng, Thành phố Cần Thơ, Việt Nam""
                    }],
                ""classes_name_company_branch"": []                  
                                    
            }
        }
    ],
    ""status"": 200,
    ""message"": ""thành công"",
    ""business_warning"": false,
    ""page_numbers"": 0,
    ""response_warning"": false,
    ""use_llm"": true
}",https://drive.google.com/file/d/1bSZoCZOL90DlHPMuwujnfYx4lq-n7o2A/view?usp=drive_link
6,"{
    ""uuid"": ""e09b6dbe-1e97-11f0-b2a8-b8ca3af3851a"",
    ""results"": [
        {
            ""file_name"": ""giay_phep_van_phong_dai_dien_cc8adec4d6094084b992487ef6448ac3_grande.jpg"",
            ""extract_data"": {
                ""classes_name_info_invoices"": {
                    ""registration_location"": ""Sở Kế Hoạch Và Đầu Tư Thành Phố Hồ Chí Minh Phòng Đăng Ký Kinh Doanh"",
                    ""business_type"": """",
                    ""business_code"": ""0106933937-001"",
                    ""business_regis_code"": """",
                    ""regis_date"": ""24/01/2019"",
                    ""date_of_change"": """"
                },
                ""classes_name_info_company"": {
                    ""company_name"": ""Văn Phòng Đại Diện Công Ty Cổ Phần Thương Mại Và Cung Ứng Nhân Lực Quốc Tế Bắc Việt"",
                    ""company_name_vi"": """",
                    ""company_name_en"": """",
                    ""short_name"": """",
                    ""company_address"": ""181 Lê Đức Thọ, Phường 17, Quận Gò Vấp, Thành phố Hồ Chí Minh, Việt Nam"",
                    ""company_phone"": ""0973 227 059"",
                    ""fax"": """",
                    ""email"": ""bacviet2222@gmail.com"",
                    ""website"": ""www.bavitico.com"",
                    ""business_entity"": """",
                    ""business_field"": """",
                    ""business_field_id"": [],
                    ""authorized_capital"": """",
                    ""authorized_capital_num"": """",
                    ""authorized_capital_char"": """",
                    ""par_value"": """",
                    ""total_share"": """",
                    ""shares_available_for_sale"": """"
                },
                ""classes_name_key_contributior"": [],
                ""classes_name_key_legal_representative"": [
                    {
                        ""order_number"": """",
                        ""person_name"": ""Lê Thị Như Khương"",
                        ""representative_address"": ""143/50/34/17 Liên khu 5-6, Phường Bình Hưng Hòa, Quận Bình Tân, Thành phố Hồ Chí Minh, Việt Nam"",
                        ""household_address"": ""143/50/34/17 Liên khu 5-6, Phường Bình Hưng Hòa, Quận Bình Tân, Thành phố Hồ Chí Minh, Việt Nam"",
                        ""nationality"": ""Việt Nam"",
                        ""share_type"": """",
                        ""number_of_shares"": """",
                        ""share_value"": """",
                        ""proportion"": """",
                        ""card_number"": ""052188800031"",
                        ""note"": """",
                        ""dob"": ""10/01/1988"",
                        ""issue_date"": ""23/02/2016"",
                        ""issued_at"": ""Cục cảnh sát ĐKQL cư trú và DLQG về dân cư"",
                        ""card_type"": ""Thẻ căn cước công dân"",
                        ""gender"": ""Nữ"",
                        ""representative_title"": """",
                        ""ethnicity"": ""Kinh""
                    }
                ],
                ""classes_name_key_company_owner_info"": [{
                        ""order"": """",
                        ""person_name"": """",
                        ""owner_organize_name"": "" CÔNG TY CỔ PHẦN THƯƠNG MẠI VÀ CUNG ỨNG NHÂN LỰC QUỐC TẾ BẮC VIỆT"",
                        ""owner_organize_address"": ""Số 4B, ngõ 2, đường Tôn Thất Thuyết, Phường Dịch Vọng Hậu, Quận Cầu Giấy, Thành phố Hà Nội, Việt Nam"",
                        ""owner_organize_code"": ""0106933937""
                    }],
                ""classes_name_company_branch"": []
            }
        }
    ],
    ""status"": 200,
    ""message"": ""thành công"",
    ""business_warning"": false,
    ""page_numbers"": 0,
    ""response_warning"": false,
    ""use_llm"": true
}",https://drive.google.com/file/d/1jLAhK04DOlfuk35iRErPm8Vt11V9busa/view?usp=drive_link
7,"{
    ""uuid"": ""5ad1741a-1e99-11f0-b2a8-b8ca3af3851a"",
    ""results"": [
        {
            ""file_name"": ""giay-chung-nhan-dang-ky-ho-kinh-doanh-ca-the.jpg"",
            ""extract_data"": {
                ""classes_name_info_invoices"": {
                    ""registration_location"": ""Ủy ban nhân dân Quận Gò Vấp"",
                    ""business_type"": ""Hộ kinh doanh"",
                    ""business_code"": """",
                    ""business_regis_code"": ""41M8041297"",
                    ""regis_date"": ""11/03/2020"",
                    ""date_of_change"": """"
                },
                ""classes_name_info_company"": {
                    ""company_name"": ""Hộ Kinh Doanh Thời Trang Lan Anh"",
                    ""company_name_vi"": ""Hộ Kinh Doanh Thời Trang Lan Anh"",
                    ""company_name_en"": """",
                    ""short_name"": """",
                    ""company_address"": ""36/12 Lê Thị Hồng, Phường 17, Quận Gò Vấp"",
                    ""company_phone"": ""0941131986"",
                    ""fax"": """",
                    ""email"": """",
                    ""website"": """",
                    ""business_entity"": ""Cá nhân"",
                    ""business_field"": ""May trang phục; bán quần áo, phụ kiện"",
                    ""business_field_id"": [],
                    ""authorized_capital"": ""100.000.000 đồng"",
                    ""authorized_capital_num"": ""100.000.000 đồng"",
                    ""authorized_capital_char"": ""Một trăm triệu đồng"",
                    ""par_value"": """",
                    ""total_share"": """",
                    ""shares_available_for_sale"": """"
                },
                ""classes_name_key_contributior"": [],
                ""classes_name_key_legal_representative"": [
                    {
                        ""order_number"": """",
                        ""person_name"": ""Lại Thị Bình"",
                        ""representative_address"": ""36/12 Lê Thị Hồng, Phường 17, Quận Gò Vấp"",
                        ""household_address"": ""36/12 Lê Thị Hồng, Phường 17, Quận Gò Vấp"",
                        ""nationality"": """",
                        ""share_type"": """",
                        ""number_of_shares"": """",
                        ""share_value"": """",
                        ""proportion"": """",
                        ""card_number"": ""079179008255"",
                        ""note"": """",
                        ""dob"": ""19/04/1979"",
                        ""issue_date"": ""21/05/2019"",
                        ""issued_at"": ""Cục cảnh sát quản lý hành chính về trật tự xã hội"",
                        ""card_type"": ""Căn cước công dân"",
                        ""gender"": ""Nữ"",
                        ""representative_title"": """",
                        ""ethnicity"": ""Kinh""
                    }
                ],
                ""classes_name_key_company_owner_info"": [],
                ""classes_name_company_branch"": []
            }
        }
    ],
    ""status"": 200,
    ""message"": ""thành công"",
    ""business_warning"": false,
    ""page_numbers"": 0,
    ""response_warning"": false,
    ""use_llm"": true
}",https://drive.google.com/file/d/1jB1xns0o4O1mIg6ie7T7NdI13u88IDQj/view?usp=drive_link
8,"{
    ""uuid"": ""ef991098-1e9a-11f0-b2a8-b8ca3af3851a"",
    ""results"": [
        {
            ""file_name"": ""giay-chung-nhan-dang-ky-ho-kinh-doanh-pham-ngoc-son-731x1024.jpg"",
            ""extract_data"": {
                ""classes_name_info_invoices"": {
                    ""registration_location"": ""UBND Huyện Lạc Thủy Phòng Tài Chính - Kế Hoạch"",
                    ""business_type"": ""Hộ kinh doanh"",
                    ""business_code"": ""8135110668-001"",
                    ""business_regis_code"": ""25I8004559"",
                    ""regis_date"": ""18/10/2023"",
                    ""date_of_change"": """"
                },
                ""classes_name_info_company"": {
                    ""company_name"": ""HỘ KINH DOANH PHẠM NGỌC SƠN"",
                    ""company_name_vi"": """",
                    ""company_name_en"": """",
                    ""short_name"": """",
                    ""company_address"": ""Thôn Sói, Xã Phú Thành, Huyện Lạc Thủy, Tỉnh Hòa Bình, Việt Nam"",
                    ""company_phone"": ""0989657172"",
                    ""fax"": """",
                    ""email"": """",
                    ""website"": """",
                    ""business_entity"": ""Cá nhân"",
                    ""business_field"": ""Cắt tạo dáng và hoàn thiện đá, Hoàn thiện công trình xây dựng, Dịch vụ chăm sóc và duy trì cảnh quan, Sản xuất bê tông và các sản phẩm từ bê tông, xi măng và thạch cao, Xây dựng công trình thủy, Hoạt động kiến trúc và tư vấn kỹ thuật có liên quan, Bán buôn vật liệu, thiết bị lắp đặt khác trong xây dựng, Bán buôn nông, lâm sản nguyên liệu (trừ gỗ, tre, nứa) và động vật sống"",
                    ""business_field_id"": [
                        ""2396"",
                        ""4330"",
                        ""8130"",
                        ""2395"",
                        ""4291"",
                        ""7110"",
                        ""4663"",
                        ""4620""
                    ],
                    ""authorized_capital"": ""50.000.000 đồng"",
                    ""authorized_capital_num"": ""50.000.000 đồng"",
                    ""authorized_capital_char"": ""Năm mươi triệu đồng"",
                    ""par_value"": """",
                    ""total_share"": """",
                    ""shares_available_for_sale"": """"
                },
                ""classes_name_key_contributior"": [],
                ""classes_name_key_legal_representative"": [],
                ""classes_name_key_company_owner_info"": [
                    {
                        ""order_number"": """",
                        ""person_name"": ""PHẠM NGỌC SƠN"",
                        ""representative_address"": ""Thôn Thượng, Xã Hồng Sơn, Huyện Mỹ Đức, Thành phố Hà Nội, Việt Nam"",
                        ""household_address"": ""Thôn Sỏi, Xã Phú Thành, Huyện Lạc Thủy, Tỉnh Hòa Bình, Việt Nam"",
                        ""nationality"": ""Việt Nam"",
                        ""share_type"": """",
                        ""number_of_shares"": """",
                        ""share_value"": """",
                        ""proportion"": """",
                        ""card_number"": ""00108305240"",
                        ""note"": """",
                        ""dob"": ""01/10/1983"",
                        ""issue_date"": ""16/01/2022"",
                        ""issued_at"": ""Cục Cảnh sát quản lý hành chính về trật tự xã hội"",
                        ""card_type"": """",
                        ""gender"": ""Nam"",
                        ""representative_title"": """",
                        ""ethnicity"": ""Kinh"",
                        ""owner_organize_name"": """",
                        ""owner_organize_code"": """",
                        ""owner_organize_issue_date"": """",
                        ""owner_organize_issued_at"": """",
                        ""owner_organize_address"": """"
                    }
                ],
                ""classes_name_company_branch"": []
            }
        }
    ],
    ""status"": 200,
    ""message"": ""thành công"",
    ""business_warning"": false,
    ""page_numbers"": 0,
    ""response_warning"": false,
    ""use_llm"": true
}",https://drive.google.com/file/d/13xjBNXlnnA_KMpCU_wf3EjNxIF2Q1dHt/view?usp=drive_link
9,"{
    ""uuid"": ""61e46bce-1e9c-11f0-b2a8-b8ca3af3851a"",
    ""results"": [
        {
            ""file_name"": ""giay-chung-nhan-hoat-dong-chi-nhanh-cong-ty-trung-hieu.jpg"",
            ""extract_data"": {
                ""classes_name_info_invoices"": {
                    ""registration_location"": ""Sở Kế Hoạch Và Đầu Tư Tỉnh Đồng Nai Phòng Đăng Ký Kinh Doanh"",
                    ""business_type"": """",
                    ""business_code"": ""3702236763-001"",
                    ""business_regis_code"": """",
                    ""regis_date"": ""03/09/2015"",
                    ""date_of_change"": ""21/10/2015""
                },
                ""classes_name_info_company"": {
                    ""company_name"": ""Chi Nhánh Công Ty Cổ Phần Đầu Tư Phát Triển Trung Hiếu"",
                    ""company_name_vi"": """",
                    ""company_name_en"": """",
                    ""short_name"": """",
                    ""company_address"": ""Tổ 1, Ấp Bình Chánh, Xã Tân An, Huyện Vĩnh Cửu, Tỉnh Đồng Nai, Việt Nam"",
                    ""company_phone"": ""0979.883973"",
                    ""fax"": ""0650.3897671"",
                    ""email"": ""trunghieucorporation@gmail.com"",
                    ""website"": ""www.gachkhongnungtrunghieu.com"",
                    ""business_entity"": """",
                    ""business_field"": """",
                    ""business_field_id"": [],
                    ""authorized_capital"": """",
                    ""authorized_capital_num"": """",
                    ""authorized_capital_char"": """",
                    ""par_value"": """",
                    ""total_share"": """",
                    ""shares_available_for_sale"": """"
                },
                ""classes_name_key_contributior"": [],
                ""classes_name_key_legal_representative"": [
                    {
                        ""order_number"": """",
                        ""person_name"": ""Nguyễn Thị Luyên"",
                        ""representative_address"": ""Số 220/64B,tổ 66, Huỳnh Văn Lũy, khu phố 7, Phường Phú Lợi, Thành phố Thủ Dầu Một, Tỉnh Bình Dương, Việt Nam"",
                        ""household_address"": ""Số 220/64B,tổ 66, Huỳnh Văn Lũy, khu phố 7, Phường Phú Lợi, Thành phố Thủ Dầu Một, Tỉnh Bình Dương, Việt Nam"",
                        ""nationality"": ""Việt Nam"",
                        ""share_type"": """",
                        ""number_of_shares"": """",
                        ""share_value"": """",
                        ""proportion"": """",
                        ""card_number"": ""281105368"",
                        ""note"": """",
                        ""dob"": ""17/09/1985"",
                        ""issue_date"": ""29/03/2011"",
                        ""issued_at"": ""CA. Bình Dương"",
                        ""card_type"": ""Chứng minh nhân dân"",
                        ""gender"": ""Nữ"",
                        ""representative_title"": """",
                        ""ethnicity"": ""Kinh""
                    }
                ],
                ""classes_name_key_company_owner_info"": [],
                ""classes_name_company_branch"": []
            }
        }
    ],
    ""status"": 200,
    ""message"": ""thành công"",
    ""business_warning"": false,
    ""page_numbers"": 0,
    ""response_warning"": false,
    ""use_llm"": true
}",https://drive.google.com/file/d/19W1Gd0aiMkn4G7sRy-kq2UaXOYZsCowS/view?usp=drive_link
10,"{
    ""uuid"": ""426c9da4-1f17-11f0-8780-b8ca3af3851a"",
    ""results"": [
        {
            ""file_name"": ""giay-phep-dia-diem-kinh-doanh-compressed-1.jpg"",
            ""extract_data"": {
                ""classes_name_info_invoices"": {
                    ""registration_location"": ""Sở Kế Hoạch và Đầu Tư Thành Phố Hồ Chí Minh Phòng Đăng Ký Kinh Doanh"",
                    ""business_type"": """",
                    ""business_code"": ""0108271862"",
                    ""business_regis_code"": """",
                    ""regis_date"": ""14/11/2018"",
                    ""date_of_change"": """"
                },
                ""classes_name_info_company"": {
                    ""company_name"": ""ĐỊA ĐIỂM KINH DOANH - CÔNG TY TNHH THƯƠNG MẠI, ĐẦU TƯ VÀ CÔNG NGHỆ NGS"",
                    ""company_name_vi"": """",
                    ""company_name_en"": """",
                    ""short_name"": """",
                    ""company_address"": ""Lầu 3A, An Khánh Tower, 63 Phạm Ngọc Thạch, Phường 06, Quận 3, Thành phố Hồ Chí Minh, Việt Nam"",
                    ""company_phone"": """",
                    ""fax"": """",
                    ""email"": """",
                    ""website"": """",
                    ""business_entity"": """",
                    ""business_field"": """",
                    ""business_field_id"": [],
                    ""authorized_capital"": """",
                    ""authorized_capital_num"": """",
                    ""authorized_capital_char"": """",
                    ""par_value"": """",
                    ""total_share"": """",
                    ""shares_available_for_sale"": """"
                },
                ""classes_name_key_contributior"": [],
                ""classes_name_key_legal_representative"": [
                    {
                        ""order_number"": """",
                        ""person_name"": ""LÊ ĐÌNH DUY"",
                        ""representative_address"": ""209 Đề Thám, Phường Phạm Ngũ Lão, Quận 1, Thành phố Hồ Chí Minh, Việt Nam"",
                        ""household_address"": ""209 Đề Thám, Phường Phạm Ngũ Lão, Quận 1, Thành phố Hồ Chí Minh"",
                        ""nationality"": ""Việt Nam"",
                        ""share_type"": """",
                        ""number_of_shares"": """",
                        ""share_value"": """",
                        ""proportion"": """",
                        ""card_number"": ""0233117275"",
                        ""note"": """",
                        ""dob"": ""24/02/1980"",
                        ""issue_date"": ""08/01/2007"",
                        ""issued_at"": ""Công an Thành phố Hồ Chí Minh"",
                        ""card_type"": ""Chứng minh nhân dân"",
                        ""gender"": ""Nam"",
                        ""representative_title"": """",
                        ""ethnicity"": ""Kinh""
                    }
                ],
                ""classes_name_key_company_owner_info"": [{
                        ""order_number"": """",
                        ""person_name"": """",
                        ""representative_address"": """",
                        ""household_address"": """",
                        ""nationality"": """",
                        ""share_type"": """",
                        ""number_of_shares"": """",
                        ""share_value"": """",
                        ""proportion"": """",
                        ""card_number"": """",
                        ""note"": """",
                        ""dob"": """",
                        ""issue_date"": """",
                        ""issued_at"": """",
                        ""card_type"": """",
                        ""gender"": """",
                        ""representative_title"": """",
                        ""ethnicity"": """",
                        ""owner_organize_name"": "" CÔNG TY TNHH THƯƠNG MẠI, ĐẦU TƯ VÀ CÔNG NGHỆ NGS"",
                        ""owner_organize_address"": ""Tầng 5, TTTM Vân Hồ, số 51 Lê Đại Hành, Phường Lê Đại Hành, Quận Hai Bà Trưng, Thành phố Hà Nội, Việt Nam"",
                        ""owner_organize_code"": ""0108271862""
                    }],
                ""classes_name_company_branch"": []
            }
        }
    ],
    ""status"": 200,
    ""message"": ""thành công"",
    ""business_warning"": false,
    ""page_numbers"": 0,
    ""response_warning"": false,
    ""use_llm"": true
}",https://drive.google.com/file/d/17KvXbul8xt4FZEHUJBhUSA0CkqOWCqOG/view?usp=drive_link
11,"{
    ""uuid"": ""426c9da4-1f17-11f0-8780-b8ca3af3851a"",
    ""results"": [
        {
            ""file_name"": ""giay-phep-dia-diem-kinh-doanh-compressed-1.jpg"",
            ""extract_data"": {
                ""classes_name_info_invoices"": {
                    ""registration_location"": ""Sở Kế Hoạch và Đầu Tư Thành Phố Hồ Chí Minh Phòng Đăng Ký Kinh Doanh"",
                    ""business_type"": """",
                    ""business_code"": ""0108271862"",
                    ""business_regis_code"": """",
                    ""regis_date"": ""14/11/2018"",
                    ""date_of_change"": """"
                },
                ""classes_name_info_company"": {
                    ""company_name"": ""ĐỊA ĐIỂM KINH DOANH - CÔNG TY TNHH THƯƠNG MẠI, ĐẦU TƯ VÀ CÔNG NGHỆ NGS"",
                    ""company_name_vi"": """",
                    ""company_name_en"": """",
                    ""short_name"": """",
                    ""company_address"": ""Lầu 3A, An Khánh Tower, 63 Phạm Ngọc Thạch, Phường 06, Quận 3, Thành phố Hồ Chí Minh, Việt Nam"",
                    ""company_phone"": """",
                    ""fax"": """",
                    ""email"": """",
                    ""website"": """",
                    ""business_entity"": """",
                    ""business_field"": """",
                    ""business_field_id"": [],
                    ""authorized_capital"": """",
                    ""authorized_capital_num"": """",
                    ""authorized_capital_char"": """",
                    ""par_value"": """",
                    ""total_share"": """",
                    ""shares_available_for_sale"": """"
                },
                ""classes_name_key_contributior"": [],
                ""classes_name_key_legal_representative"": [
                    {
                        ""order_number"": """",
                        ""person_name"": ""LÊ ĐÌNH DUY"",
                        ""representative_address"": ""209 Đề Thám, Phường Phạm Ngũ Lão, Quận 1, Thành phố Hồ Chí Minh, Việt Nam"",
                        ""household_address"": ""209 Đề Thám, Phường Phạm Ngũ Lão, Quận 1, Thành phố Hồ Chí Minh"",
                        ""nationality"": ""Việt Nam"",
                        ""share_type"": """",
                        ""number_of_shares"": """",
                        ""share_value"": """",
                        ""proportion"": """",
                        ""card_number"": ""0233117275"",
                        ""note"": """",
                        ""dob"": ""24/02/1980"",
                        ""issue_date"": ""08/01/2007"",
                        ""issued_at"": ""Công an Thành phố Hồ Chí Minh"",
                        ""card_type"": ""Chứng minh nhân dân"",
                        ""gender"": ""Nam"",
                        ""representative_title"": """",
                        ""ethnicity"": ""Kinh""
                    }
                ],
                ""classes_name_key_company_owner_info"": [{
                        ""order_number"": """",
                        ""person_name"": """",
                        ""representative_address"": """",
                        ""household_address"": """",
                        ""nationality"": """",
                        ""share_type"": """",
                        ""number_of_shares"": """",
                        ""share_value"": """",
                        ""proportion"": """",
                        ""card_number"": """",
                        ""note"": """",
                        ""dob"": """",
                        ""issue_date"": """",
                        ""issued_at"": """",
                        ""card_type"": """",
                        ""gender"": """",
                        ""representative_title"": """",
                        ""ethnicity"": """",
                        ""owner_organize_name"": "" CÔNG TY TNHH THƯƠNG MẠI, ĐẦU TƯ VÀ CÔNG NGHỆ NGS"",
                        ""owner_organize_address"": ""Tầng 5, TTTM Vân Hồ, số 51 Lê Đại Hành, Phường Lê Đại Hành, Quận Hai Bà Trưng, Thành phố Hà Nội, Việt Nam"",
                        ""owner_organize_issue_date"": """",
                        ""owner_organize_issued_at"": """",
                        ""owner_organize_code"": ""0108271862""
                    }],
                ""classes_name_company_branch"": []
            }
        }
    ],
    ""status"": 200,
    ""message"": ""thành công"",
    ""business_warning"": false,
    ""page_numbers"": 0,
    ""response_warning"": false,
    ""use_llm"": true
}",https://drive.google.com/file/d/17KvXbul8xt4FZEHUJBhUSA0CkqOWCqOG/view?usp=drive_link
12,"{
    ""uuid"": ""42cc2736-1f19-11f0-8780-b8ca3af3851a"",
    ""results"": [
        {
            ""file_name"": ""giay-phep-kinh-doanh-hd-2.jpg"",
            ""extract_data"": {
                ""classes_name_info_invoices"": {
                    ""registration_location"": ""Sở Kế hoạch và Đầu tư Thành phố Hồ Chí Minh Phòng Đăng Ký Kinh Doanh"",
                    ""business_type"": ""Doanh nghiệp"",
                    ""business_code"": ""0313730318"",
                    ""business_regis_code"": """",
                    ""regis_date"": ""31/08/2016"",
                    ""date_of_change"": ""08/02/2017""
                },
                ""classes_name_info_company"": {
                    ""company_name"": ""Công Ty TNHH Sản Xuất Thương Mại May Túi Xách Ba Lô Hợp Phát"",
                    ""company_name_vi"": ""Công Ty TNHH Sản Xuất Thương Mại May Túi Xách Ba Lô Hợp Phát"",
                    ""company_name_en"": """",
                    ""short_name"": """",
                    ""company_address"": ""23/36/78 Nguyễn Hữu Tiến, Phường Tây Thạnh, Quận Tân Phú, Thành phố Hồ Chí Minh, Việt Nam"",
                    ""company_phone"": ""0915960056"",
                    ""fax"": """",
                    ""email"": """",
                    ""website"": """",
                    ""business_entity"": """",
                    ""business_field"": """",
                    ""business_field_id"": [],
                    ""authorized_capital"": ""500.000.000 đồng"",
                    ""authorized_capital_num"": ""500.000.000 đồng"",
                    ""authorized_capital_char"": ""Năm trăm triệu đồng"",
                    ""par_value"": """",
                    ""total_share"": """",
                    ""shares_available_for_sale"": """"
                },
                ""classes_name_key_contributior"": [],
                ""classes_name_key_legal_representative"": [],
                ""classes_name_key_company_owner_info"": [
                    {
                        ""order_number"": """",
                        ""person_name"": ""Trương Đình Đức"",
                        ""representative_address"": ""1/4 Nguyễn Hữu Tiến, Phường Tây Thạnh, Quận Tân Phú, Thành phố Hồ Chí Minh, Việt Nam"",
                        ""household_address"": ""1/4 Nguyễn Hữu Tiến, Phường Tây Thạnh, Quận Tân Phú, Thành phố Hồ Chí Minh, Việt Nam"",
                        ""nationality"": ""Việt Nam"",
                        ""share_type"": """",
                        ""number_of_shares"": """",
                        ""share_value"": """",
                        ""proportion"": """",
                        ""card_number"": ""024560473"",
                        ""note"": """",
                        ""dob"": ""03/01/1987"",
                        ""issue_date"": ""03/01/2007"",
                        ""issued_at"": ""C.A Thành Phố Hồ Chí Minh"",
                        ""card_type"": """",
                        ""gender"": ""Nam"",
                        ""representative_title"": """",
                        ""ethnicity"": ""Kinh"",
                        ""owner_organize_name"": """",
                        ""owner_organize_code"": """",
                        ""owner_organize_issue_date"": """",
                        ""owner_organize_issued_at"": """",
                        ""owner_organize_address"": """"
                    }
                ],
                ""classes_name_company_branch"": []
            }
        }
    ],
    ""status"": 200,
    ""message"": ""thành công"",
    ""business_warning"": false,
    ""page_numbers"": 0,
    ""response_warning"": false,
    ""use_llm"": true
}",https://drive.google.com/file/d/189W_9m8n4m-CxZ3UHSkDzQEATQ1R7KQ-/view?usp=drive_link
13,"{
    ""uuid"": ""1dafb746-1f1f-11f0-8780-b8ca3af3851a"",
    ""results"": [
        {
            ""file_name"": ""lam-sao-khi-mat-giay-phep-dang-ky-kinh-doanh.jpg"",
            ""extract_data"": {
                ""classes_name_info_invoices"": {
                    ""registration_location"": ""Sở Kế Hoạch Và Đầu Tư Thành Phố Hà Nội Phòng Đăng Ký Kinh Doanh Số 01"",
                    ""business_type"": """",
                    ""business_code"": ""0123023062"",
                    ""business_regis_code"": """",
                    ""regis_date"": ""20/03/2008"",
                    ""date_of_change"": ""29/10/2008""
                },
                ""classes_name_info_company"": {
                    ""company_name"": ""Văn Phòng Đại Diện Công Ty Cổ Phần Địa Ốc - Cáp Điện Thịnh Phát Tại Hà Nội"",
                    ""company_name_vi"": """",
                    ""company_name_en"": """",
                    ""short_name"": """",
                    ""company_address"": ""30 Lý Thái Tổ, phường Lý Thái Tổ, quận Hoàn Kiếm, thành phố Hà Nội"",
                    ""company_phone"": ""9262804"",
                    ""fax"": ""9262805"",
                    ""email"": ""thinhphat@thipha.com.vn"",
                    ""website"": ""www.thinhphatiz.com"",
                    ""business_entity"": """",
                    ""business_field"": ""Thay mặt công ty giao dịch với khách hàng"",
                    ""business_field_id"": [],
                    ""authorized_capital"": """",
                    ""authorized_capital_num"": """",
                    ""authorized_capital_char"": """",
                    ""par_value"": """",
                    ""total_share"": """",
                    ""shares_available_for_sale"": """"
                },
                ""classes_name_key_contributior"": [],
                ""classes_name_key_legal_representative"": [
                    {
                        ""order_number"": """",
                        ""person_name"": ""Võ Tấn Thịnh"",
                        ""representative_address"": ""144A Hồ Học Lãm, phường An Lạc, quận Bình Tân, Thành phố Hồ Chí Minh"",
                        ""household_address"": ""144A Hồ Học Lãm, phường An Lạc, quận Bình Tân, Thành phố Hồ Chí Minh"",
                        ""nationality"": ""Việt Nam"",
                        ""share_type"": """",
                        ""number_of_shares"": """",
                        ""share_value"": """",
                        ""proportion"": """",
                        ""card_number"": ""020794686"",
                        ""note"": """",
                        ""dob"": ""02/12/1962"",
                        ""issue_date"": ""04/04/2001"",
                        ""issued_at"": ""Công an thành phố Hồ Chí Minh"",
                        ""card_type"": """",
                        ""gender"": ""Nam"",
                        ""representative_title"": """",
                        ""ethnicity"": ""Kinh""
                    }
                ],
                ""classes_name_key_company_owner_info"": [
                                        {
                        ""order_number"": """",
                        ""person_name"": """",
                        ""representative_address"": """",
                        ""household_address"": """",
                        ""nationality"": """",
                        ""share_type"": """",
                        ""number_of_shares"": """",
                        ""share_value"": """",
                        ""proportion"": """",
                        ""card_number"": """",
                        ""note"": """",
                        ""dob"": """",
                        ""issue_date"": """",
                        ""issued_at"": """",
                        ""card_type"": """",
                        ""gender"": """",
                        ""representative_title"": """",
                        ""ethnicity"": """",
                        ""owner_organize_name"": ""CÔNG TY CỔ PHẦN ĐỊA ỐC-CÁP ĐIỆN THỊNH PHÁT"",
                        ""owner_organize_code"": ""4103009394"",
                        ""owner_organize_issue_date"": ""18/02/2008"",
                        ""owner_organize_issued_at"": ""Phòng ĐKKD-Sở Kế hoạch và Đầu tư TP Hồ Chí Minh"",
                        ""owner_organize_address"": ""144A Hồ Ngọc Lân, phường An Lạc, quận Bình Tân, Thành phố Hồ Chí Minh""
                    }
                                ],
                ""classes_name_company_branch"": []
            }
        }
    ],
    ""status"": 200,
    ""message"": ""thành công"",
    ""business_warning"": false,
    ""page_numbers"": 0,
    ""response_warning"": false,
    ""use_llm"": true
}",https://drive.google.com/file/d/1aTrFhASEIA5XoeuNjONagSa4VKdVPP4f/view?usp=drive_link
14,"{
    ""uuid"": ""aa82cbb2-1f20-11f0-8780-b8ca3af3851a"",
    ""results"": [
        {
            ""file_name"": ""Mau-Giay-chung-nhan-dang-ky-kinh-doanh-doi-voi-ho-kinh-doanh-ca-the-600x791.jpg"",
            ""extract_data"": {
                ""classes_name_info_invoices"": {
                    ""registration_location"": ""ỦY BAN NHÂN DÂN THỊ XÃ SƠN TÂY"",
                    ""business_type"": ""Hộ kinh doanh"",
                    ""business_code"": """",
                    ""business_regis_code"": ""01P8001241"",
                    ""regis_date"": ""23/01/2013"",
                    ""date_of_change"": """"
                },
                ""classes_name_info_company"": {
                    ""company_name"": ""CAO VĂN HIỀN"",
                    ""company_name_vi"": ""CAO VĂN HIỀN"",
                    ""company_name_en"": """",
                    ""short_name"": """",
                    ""company_address"": ""Thôn Đông Sàng - xã Đường Lâm - thị xã Sơn Tây"",
                    ""company_phone"": """",
                    ""fax"": """",
                    ""email"": """",
                    ""website"": """",
                    ""business_entity"": """",
                    ""business_field"": ""Sản xuất và kinh doanh kẹo lạc, kẹo dồi, kẹo vừng"",
                    ""business_field_id"": [],
                    ""authorized_capital"": ""10.000.000 ₫"",
                    ""authorized_capital_num"": ""10.000.000 ₫"",
                    ""authorized_capital_char"": ""Mười triệu đồng chẵn"",
                    ""par_value"": """",
                    ""total_share"": """",
                    ""shares_available_for_sale"": """"
                },
                ""classes_name_key_contributior"": [],
                ""classes_name_key_legal_representative"": [
                    {
                        ""order_number"": """",
                        ""person_name"": ""CAO VĂN HIỀN"",
                        ""representative_address"": ""Thôn Đông Sàng - xã Đường Lâm - TX Sơn Tây - Hà Nội"",
                        ""household_address"": ""Thôn Đông Sàng - xã Đường Lâm - TX Sơn Tây - Hà Nội"",
                        ""nationality"": """",
                        ""share_type"": """",
                        ""number_of_shares"": """",
                        ""share_value"": """",
                        ""proportion"": """",
                        ""card_number"": ""111603791"",
                        ""note"": """",
                        ""dob"": ""02/10/1961"",
                        ""issue_date"": ""15/05/1999"",
                        ""issued_at"": ""Công an Hà Tây"",
                        ""card_type"": """",
                        ""gender"": ""Nam"",
                        ""representative_title"": """",
                        ""ethnicity"": ""Kinh""
                    }
                ],
                ""classes_name_key_company_owner_info"": [],
                ""classes_name_company_branch"": []
            }
        }
    ],
    ""status"": 200,
    ""message"": ""thành công"",
    ""business_warning"": false,
    ""page_numbers"": 0,
    ""response_warning"": false,
    ""use_llm"": true
}",https://drive.google.com/file/d/1ogG-lbzokRvwUJR2ZofRigb_riUZI2ar/view?usp=drive_link
15,"{
    ""uuid"": ""23655c74-1f22-11f0-8780-b8ca3af3851a"",
    ""results"": [
        {
            ""file_name"": ""mau-giay-phep-kinh-doanh-ho-ca-the_1651634612.jpg"",
            ""extract_data"": {
                ""classes_name_info_invoices"": {
                    ""registration_location"": ""ỦY BAN NHÂN DÂN QUẬN BÌNH THẠNH"",
                    ""business_type"": ""Hộ kinh doanh"",
                    ""business_code"": """",
                    ""business_regis_code"": ""4108O36796"",
                    ""regis_date"": ""03/08/2018"",
                    ""date_of_change"": """"
                },
                ""classes_name_info_company"": {
                    ""company_name"": ""CƠM PHẦN VĂN PHÒNG 649"",
                    ""company_name_vi"": """",
                    ""company_name_en"": """",
                    ""short_name"": """",
                    ""company_address"": ""649/20/5 Điện Biên Phủ, Phường 25, quận Bình Thạnh"",
                    ""company_phone"": """",
                    ""fax"": """",
                    ""email"": """",
                    ""website"": """",
                    ""business_entity"": """",
                    ""business_field"": ""Quán ăn uống"",
                    ""business_field_id"": [],
                    ""authorized_capital"": ""70.000.000 đồng"",
                    ""authorized_capital_num"": ""70.000.000 đồng"",
                    ""authorized_capital_char"": ""Bảy mươi triệu đồng"",
                    ""par_value"": """",
                    ""total_share"": """",
                    ""shares_available_for_sale"": """"
                },
                ""classes_name_key_contributior"": [],
                ""classes_name_key_legal_representative"": [],
                ""classes_name_key_company_owner_info"": [
                    {
                        ""order_number"": """",
                        ""person_name"": ""NGUYỄN TĂNG QUÝ"",
                        ""representative_address"": ""An Hiệp, xã Liên Hiệp, huyện Đức Trọng, tỉnh Lâm Đồng"",
                        ""household_address"": ""6/6/27 Lê Đức Thọ, Phường 15, quận Gò Vấp"",
                        ""nationality"": ""Việt Nam"",
                        ""share_type"": """",
                        ""number_of_shares"": """",
                        ""share_value"": """",
                        ""proportion"": """",
                        ""card_number"": ""250488162"",
                        ""note"": """",
                        ""dob"": ""10/06/1980"",
                        ""issue_date"": ""23/04/2018"",
                        ""issued_at"": ""Công an tỉnh Lâm Đồng"",
                        ""card_type"": ""Giấy chứng minh nhân dân"",
                        ""gender"": ""Nam"",
                        ""representative_title"": """",
                        ""ethnicity"": ""Kinh"",
                        ""owner_organize_name"": """",
                        ""owner_organize_code"": """",
                        ""owner_organize_issue_date"": """",
                        ""owner_organize_issued_at"": """",
                        ""owner_organize_address"": """"
                    }
                ],
                ""classes_name_company_branch"": []
            }
        }
    ],
    ""status"": 200,
    ""message"": ""thành công"",
    ""business_warning"": false,
    ""page_numbers"": 0,
    ""response_warning"": false,
    ""use_llm"": true
}",https://drive.google.com/file/d/1m4UxNGIG4znc595IZuonKJtDVxzg5NV6/view?usp=drive_link
16,"{
    ""uuid"": ""300fb0e0-1f23-11f0-8780-b8ca3af3851a"",
    ""results"": [
        {
            ""file_name"": ""R.jpg"",
            ""extract_data"": {
                ""classes_name_info_invoices"": {
                    ""registration_location"": ""SỞ KẾ HOẠCH VÀ ĐẦU TƯ THÀNH PHỐ HỒ CHÍ MINH Phòng Đăng Ký Kinh Doanh"",
                    ""business_type"": """",
                    ""business_code"": ""0105317357-001"",
                    ""business_regis_code"": """",
                    ""regis_date"": ""13/10/2015"",
                    ""date_of_change"": ""03/12/2021""
                },
                ""classes_name_info_company"": {
                    ""company_name"": ""CHI NHÁNH CÔNG TY CỔ PHẦN QUỐC TẾ - TIC"",
                    ""company_name_vi"": """",
                    ""company_name_en"": """",
                    ""short_name"": """",
                    ""company_address"": ""số 27 đường ĐHT11 - khu phố 3, Phường Đông Hưng Thuận, Quận 12, Thành phố Hồ Chí Minh, Việt Nam"",
                    ""company_phone"": ""02862612555 - 0974223535"",
                    ""fax"": """",
                    ""email"": """",
                    ""website"": """",
                    ""business_entity"": """",
                    ""business_field"": """",
                    ""business_field_id"": [],
                    ""authorized_capital"": """",
                    ""authorized_capital_num"": """",
                    ""authorized_capital_char"": """",
                    ""par_value"": """",
                    ""total_share"": """",
                    ""shares_available_for_sale"": """"
                },
                ""classes_name_key_contributior"": [],
                ""classes_name_key_legal_representative"": [
                    {
                        ""order_number"": """",
                        ""person_name"": ""TRẦN XUÂN LƯU"",
                        ""representative_address"": ""229/4A Tây Thạnh, Phường Tây Thạnh, Quận Tân Phú, Thành phố Hồ Chí Minh, Việt Nam"",
                        ""household_address"": ""229/4A Tây Thạnh, Phường Tây Thạnh, Quận Tân Phú, Thành phố Hồ Chí Minh, Việt Nam"",
                        ""nationality"": ""Việt Nam"",
                        ""share_type"": """",
                        ""number_of_shares"": """",
                        ""share_value"": """",
                        ""proportion"": """",
                        ""card_number"": ""034071005756"",
                        ""note"": """",
                        ""dob"": ""18/09/1971"",
                        ""issue_date"": ""21/11/2017"",
                        ""issued_at"": ""Cục Cảnh sát ĐKQL cư trú và DLQG về dân cư"",
                        ""card_type"": ""Thẻ căn cước công dân"",
                        ""gender"": ""Nam"",
                        ""representative_title"": """",
                        ""ethnicity"": ""Kinh""
                    }
                ],
                ""classes_name_key_company_owner_info"": [],
                ""classes_name_company_branch"": [
                    {
                        ""order_number"": """",
                        ""person_name"": """",
                        ""representative_address"": """",
                        ""household_address"": """",
                        ""nationality"": """",
                        ""share_type"": """",
                        ""number_of_shares"": """",
                        ""share_value"": """",
                        ""proportion"": """",
                        ""card_number"": """",
                        ""note"": """",
                        ""dob"": """",
                        ""issue_date"": """",
                        ""issued_at"": """",
                        ""card_type"": """",
                        ""gender"": """",
                        ""representative_title"": """",
                        ""ethnicity"": """",
                        ""owner_organize_name"": ""CÔNG TY CỔ PHẦN QUỐC TẾ - TIC"",
                        ""owner_organize_code"": ""01053173057"",
                        ""owner_organize_issue_date"": """",
                        ""owner_organize_issued_at"": """",
                        ""owner_organize_address"": ""Địa chỉ trụ sở chính: NV1-3 số 173 đường Xuân Thủy, Phường Dịch Vọng Hậu, Quận Cầu Giấy, Thành phố Hà Nội, Việt Nam""
                    }
                ]
            }
        }
    ],
    ""status"": 200,
    ""message"": ""thành công"",
    ""business_warning"": false,
    ""page_numbers"": 0,
    ""response_warning"": false,
    ""use_llm"": true
}",https://drive.google.com/file/d/146bynFnpF3u-lkRDmj2ZeFeL4X3hg7LG/view?usp=drive_link
17,"{
    ""uuid"": ""a5638792-1f26-11f0-8780-b8ca3af3851a"",
    ""results"": [
        {
            ""file_name"": ""th.jpg"",
            ""extract_data"": {
                ""classes_name_info_invoices"": {
                    ""registration_location"": ""ỦY BAN NHÂN DÂN QUẬN 6 Phòng Tài Chính-Kế Hoạch"",
                    ""business_type"": ""Hộ kinh doanh"",
                    ""business_code"": ""031309527-002"",
                    ""business_regis_code"": ""41F803486"",
                    ""regis_date"": ""30/08/2024"",
                    ""date_of_change"": ""07/01/2025""
                },
                ""classes_name_info_company"": {
                    ""company_name"": ""HỘ KINH DOANH ĐỨC HÙNG PKTN"",
                    ""company_name_vi"": """",
                    ""company_name_en"": """",
                    ""short_name"": """",
                    ""company_address"": ""298 Lê Quang Sung, Phường 02, Quận 6, Thành phố Hồ Chí Minh, Việt Nam"",
                    ""company_phone"": ""0794068978"",
                    ""fax"": """",
                    ""email"": """",
                    ""website"": """",
                    ""business_entity"": ""Cá nhân"",
                    ""business_field"": ""Bán lẻ hàng hóa khác mới trong các cửa hàng chuyên doanh, Bán lẻ máy vi tính, thiết bị ngoại vi, phần mềm và thiết bị viễn thông trong các cửa hàng chuyên doanh (Phụ kiện điện thoại)"",
                    ""business_field_id"": [
                        ""4773"",
                        ""4741 (Chính)""
                    ],
                    ""authorized_capital"": ""30.000.000 đồng"",
                    ""authorized_capital_num"": ""30.000.000 đồng"",
                    ""authorized_capital_char"": ""Ba mươi triệu đồng"",
                    ""par_value"": """",
                    ""total_share"": """",
                    ""shares_available_for_sale"": """"
                },
                ""classes_name_key_contributior"": [],
                ""classes_name_key_legal_representative"": [],
                ""classes_name_key_company_owner_info"": [
                    {
                        ""order_number"": """",
                        ""person_name"": ""VÕ VĂN ĐỨC"",
                        ""representative_address"": ""38 Hẻm Ngô Quyền, Phường 6, Thành phố Đà Lạt, Tỉnh Lâm Đồng, Việt Nam"",
                        ""household_address"": ""298 Lê Quang Sung, Phường 02, Quận 6, Thành phố Hồ Chí Minh, Việt Nam"",
                        ""nationality"": ""Việt Nam"",
                        ""share_type"": """",
                        ""number_of_shares"": """",
                        ""share_value"": """",
                        ""proportion"": """",
                        ""card_number"": ""068090003333"",
                        ""note"": """",
                        ""dob"": ""08/07/1990"",
                        ""issue_date"": ""14/08/2022"",
                        ""issued_at"": ""Cục CS Quản lý hành chính về Trật tự xã hội"",
                        ""card_type"": """",
                        ""gender"": ""Nam"",
                        ""representative_title"": """",
                        ""ethnicity"": ""Kinh"",
                        ""owner_organize_name"": """",
                        ""owner_organize_code"": """",
                        ""owner_organize_issue_date"": """",
                        ""owner_organize_issued_at"": """",
                        ""owner_organize_address"": """"
                    }
                ],
                ""classes_name_company_branch"": []
            }
        }
    ],
    ""status"": 200,
    ""message"": ""thành công"",
    ""business_warning"": false,
    ""page_numbers"": 0,
    ""response_warning"": false,
    ""use_llm"": true
}",https://drive.google.com/file/d/1Aj4PGfHrdieWzEn9WfFO06HYkNAR1twT/view?usp=drive_link
18,"{
    ""uuid"": ""9932b846-1f29-11f0-8780-b8ca3af3851a"",
    ""results"": [
        {
            ""file_name"": ""thu-tuc-xin-cap-lai-giay-dang-ky-kinh-doanh-ho-ca-the-722x1030.jpg"",
            ""extract_data"": {
                ""classes_name_info_invoices"": {
                    ""registration_location"": ""UBND Thành Phố Tân An Phòng Tài Chính Kế Hoạch"",
                    ""business_type"": ""Hộ kinh doanh"",
                    ""business_code"": """",
                    ""business_regis_code"": ""50A800938"",
                    ""regis_date"": ""16/06/2010"",
                    ""date_of_change"": ""22/03/2019""
                },
                ""classes_name_info_company"": {
                    ""company_name"": ""CỬA HÀNG TRƯỜNG GIANG"",
                    ""company_name_vi"": ""CỬA HÀNG TRƯỜNG GIANG"",
                    ""company_name_en"": """",
                    ""short_name"": """",
                    ""company_address"": ""48/27A Huỳnh Việt Thanh, phường 2, TP Tân An, tỉnh Long An"",
                    ""company_phone"": ""0272.3525431-0904666067"",
                    ""fax"": """",
                    ""email"": ""chinchuemart@gmail.com"",
                    ""website"": ""chinchuemart.com"",
                    ""business_entity"": """",
                    ""business_field"": ""Mua bán lương thực, thực phẩm đông lạnh, thịt gia cầm đông lạnh, trứng gia cầm các loại. Nước chấm gia vị các loại. Mua bán hóa mỹ phẩm, thủy hải sản các loại, rau củ quả, thực phẩm tươi sống, văn phòng phẩm, các sản phẩm giải khát, sữa các loại, bánh mứt các loại, đồ gia dụng, cung cấp dịch vụ ăn uống theo hợp đồng, trái cây, hoa tươi, hàng thủ công mỹ nghệ, vật phẩm, quần áo, giày dép, thiết bị điện tử, thực phẩm chức năng, dụng cụ thể thao."",
                    ""business_field_id"": [],
                    ""authorized_capital"": ""500.000.000 đồng"",
                    ""authorized_capital_num"": ""500.000.000 đồng"",
                    ""authorized_capital_char"": ""năm trăm triệu đồng"",
                    ""par_value"": """",
                    ""total_share"": """",
                    ""shares_available_for_sale"": """"
                },
                ""classes_name_key_contributior"": [],
                ""classes_name_key_legal_representative"": [
                    {
                        ""order_number"": """",
                        ""person_name"": ""Nguyễn Thị Kim Thoa"",
                        ""representative_address"": ""11/15B Nguyễn Minh Trường, phường 3, TP Tân An, tỉnh Long An"",
                        ""household_address"": ""11/15B Nguyễn Minh Trường, phường 3, TP Tân An, tỉnh Long An"",
                        ""nationality"": ""Việt Nam"",
                        ""share_type"": """",
                        ""number_of_shares"": """",
                        ""share_value"": """",
                        ""proportion"": """",
                        ""card_number"": ""301189314"",
                        ""note"": """",
                        ""dob"": ""05/03/1986"",
                        ""issue_date"": ""10/07/2009"",
                        ""issued_at"": ""Công an Long An"",
                        ""card_type"": """",
                        ""gender"": ""Nữ"",
                        ""representative_title"": """",
                        ""ethnicity"": ""Kinh""
                    }
                ],
                ""classes_name_key_company_owner_info"": [],
                ""classes_name_company_branch"": []
            }
        }
    ],
    ""status"": 200,
    ""message"": ""thành công"",
    ""business_warning"": false,
    ""page_numbers"": 0,
    ""response_warning"": false,
    ""use_llm"": true
}",https://drive.google.com/file/d/1oXo0zGVNvnWeUuIzO0NekrJ3GDmWDN7y/view?usp=drive_link
19,"{
    ""uuid"": ""8fa3259e-21aa-11f0-b806-b8ca3af3851a"",
    ""results"": [
        {
            ""file_name"": ""tra-cuu-giay-phep-kinh-doanh-ho-ca-the-480494.jpg"",
            ""extract_data"": {
                ""classes_name_info_invoices"": {
                    ""registration_location"": ""UBND Huyện Đông Anh Phòng Tài Chính Chính - Kế Hoạch"",
                    ""business_type"": ""Hộ kinh doanh"",
                    ""business_code"": """",
                    ""business_regis_code"": """",
                    ""regis_date"": ""22/08/2007"",
                    ""date_of_change"": ""09/12/2015""
                },
                ""classes_name_info_company"": {
                    ""company_name"": ""LÊ MẠNH HÙNG - ÁNH DƯƠNG"",
                    ""company_name_vi"": """",
                    ""company_name_en"": """",
                    ""short_name"": """",
                    ""company_address"": ""Nhà hộ Đỗ Thị Lũy (GCN QSD đất số M773600), thôn Mai Châu, xã Đại Mạch, huyện Đông Anh, thành phố Hà Nội"",
                    ""company_phone"": ""043 953 0658"",
                    ""fax"": """",
                    ""email"": """",
                    ""website"": """",
                    ""business_entity"": """",
                    ""business_field"": ""Sản xuất và kinh doanh thực phẩm (bánh, mứt, kẹo), Đóng gói thực phẩm"",
                    ""business_field_id"": [],
                    ""authorized_capital"": ""200.000.000"",
                    ""authorized_capital_num"": ""200.000.000 VND"",
                    ""authorized_capital_char"": ""Hai trăm triệu đồng"",
                    ""par_value"": """",
                    ""total_share"": """",
                    ""shares_available_for_sale"": """"
                },
                ""classes_name_key_contributior"": [],
                ""classes_name_key_legal_representative"": [
                    {
                        ""order_number"": """",
                        ""person_name"": ""LÊ MẠNH HÙNG"",
                        ""representative_address"": ""Mai Châu, Đại Mạch, Đông Anh, Hà Nội"",
                        ""household_address"": ""Mai Châu, Đại Mạch, Đông Anh, Hà Nội"",
                        ""nationality"": ""Việt Nam"",
                        ""share_type"": """",
                        ""number_of_shares"": """",
                        ""share_value"": """",
                        ""proportion"": """",
                        ""card_number"": ""001076003190"",
                        ""note"": """",
                        ""dob"": ""08/09/1976"",
                        ""issue_date"": ""06/11/2014"",
                        ""issued_at"": ""Cục cảnh sát ĐKQL cư trú và DLQG về dân cư"",
                        ""card_type"": """",
                        ""gender"": ""Nam"",
                        ""representative_title"": """",
                        ""ethnicity"": ""Kinh""
                    }
                ],
                ""classes_name_key_company_owner_info"": [],
                ""classes_name_company_branch"": []
            }
        }
    ],
    ""status"": 200,
    ""message"": ""thành công"",
    ""business_warning"": false,
    ""page_numbers"": 0,
    ""response_warning"": false,
    ""use_llm"": true
}",https://drive.google.com/file/d/1kLra-9QVp64vKYTnwWgL0AhB6zlD_yNN/view?usp=drive_link
20,"{
    ""uuid"": ""76816414-1f2e-11f0-8780-b8ca3af3851a"",
    ""results"": [
        {
            ""file_name"": ""pdf24_converted (1).pdf"",
            ""extract_data"": {
                ""classes_name_info_invoices"": {
                    ""registration_location"": ""SỞ KẾ HOẠCH VÀ ĐẦU TƯ TỈNH NGHỆ AN Phòng Đăng Ký Kinh Doanh"",
                    ""business_type"": """",
                    ""business_code"": ""3700381324-172"",
                    ""business_regis_code"": """",
                    ""regis_date"": ""31/12/2014"",
                    ""date_of_change"": """"
                },
                ""classes_name_info_company"": {
                    ""company_name"": ""CHI NHÁNH CÔNG TY CỔ PHẦN TẬP ĐOÀN HOA SEN TẠI THÁI HÒA - NGHỆ AN"",
                    ""company_name_vi"": """",
                    ""company_name_en"": """",
                    ""short_name"": """",
                    ""company_address"": ""Quốc lộ 48, khối Đốc Cao, Phường Quang Tiến, Thị xã Thái Hoà, Tỉnh Nghệ An, Việt Nam"",
                    ""company_phone"": """",
                    ""fax"": """",
                    ""email"": """",
                    ""website"": """",
                    ""business_entity"": """",
                    ""business_field"": ""Gia công cơ khí; xử lý và tráng phủ kim loại, Rèn, dập, ép và cán kim loại; luyện bột kim loại, Sản xuất sản phẩm từ plastic, Bán buôn kim loại và quặng kim loại, Bán buôn vật liệu, thiết bị lắp đặt khác trong xây dựng, Sản xuất vật liệu xây dựng từ đất sét, Kho bãi và lưu giữ hàng hóa"",
                    ""business_field_id"": [
                        ""2592"",
                        ""2591"",
                        ""2220"",
                        ""4662"",
                        ""4663"",
                        ""2392"",
                        ""5210""
                    ],
                    ""authorized_capital"": """",
                    ""authorized_capital_num"": """",
                    ""authorized_capital_char"": """",
                    ""par_value"": """",
                    ""total_share"": """",
                    ""shares_available_for_sale"": """"
                },
                ""classes_name_key_contributior"": [],
                ""classes_name_key_legal_representative"": [
                    {
                        ""order_number"": """",
                        ""person_name"": ""PHẠM THANH ĐẠO"",
                        ""representative_address"": ""Thôn Phú Lạc, Xã Duy Hòa, Huyện Duy Xuyên, Tỉnh Quảng Nam, Việt Nam"",
                        ""household_address"": ""Quốc lộ 48, khối Đốc Cao, Phường Quang Tiến, Thị xã Thái Hoà, Tỉnh Nghệ An, Việt Nam"",
                        ""nationality"": ""Việt Nam"",
                        ""share_type"": """",
                        ""number_of_shares"": """",
                        ""share_value"": """",
                        ""proportion"": """",
                        ""card_number"": ""205674236"",
                        ""note"": """",
                        ""dob"": ""18/11/1978"",
                        ""issue_date"": ""07/07/2014"",
                        ""issued_at"": ""Công an Quảng Nam"",
                        ""card_type"": ""Giấy chứng minh nhân dân"",
                        ""gender"": ""Nam"",
                        ""representative_title"": """",
                        ""ethnicity"": ""Kinh""
                    }
                ],
                ""classes_name_key_company_owner_info"": [
                                        {
                        ""order_number"": """",
                        ""person_name"": """",
                        ""representative_address"": """",
                        ""household_address"": """",
                        ""nationality"": """",
                        ""share_type"": """",
                        ""number_of_shares"": """",
                        ""share_value"": """",
                        ""proportion"": """",
                        ""card_number"": """",
                        ""note"": """",
                        ""dob"": """",
                        ""issue_date"": """",
                        ""issued_at"": """",
                        ""card_type"": """",
                        ""gender"": """",
                        ""representative_title"": """",
                        ""ethnicity"": """",
                        ""owner_organize_name"": ""CÔNG TY CỔ PHẦN TẬP ĐOÀN HOA SEN"",
                        ""owner_organize_code"": ""3700381324"",
                        ""owner_organize_issue_date"": """",
                        ""owner_organize_issued_at"": """",
                        ""owner_organize_address"": ""Số 9, Đại lộ Thống Nhất, Khu công nghiệp Sóng Thần II, Phường Dĩ An, Thị Xã Dĩ An, Tỉnh Bình Dương, Việt Nam""
                    }],
                ""classes_name_company_branch"": []
            }
        }
    ],
    ""status"": 200,
    ""message"": ""thành công"",
    ""business_warning"": false,
    ""page_numbers"": 0,
    ""response_warning"": false,
    ""use_llm"": true
}",https://drive.google.com/file/d/1afNxVGWfW5nydCszfcRW4OD5jXZkZeSj/view?usp=drive_link
21,"{
    ""uuid"": ""55159a3e-1f42-11f0-8780-b8ca3af3851a"",
    ""results"": [
        {
            ""file_name"": ""pdf24_converted (3).pdf"",
            ""extract_data"": {
                ""classes_name_info_invoices"": {
                    ""registration_location"": ""Sở Kế hoạch và Đầu tư Thành phố Hà Nội Phòng Đăng Ký Kinh Doanh"",
                    ""business_type"": """",
                    ""business_code"": ""0302000126-002"",
                    ""business_regis_code"": """",
                    ""regis_date"": ""30/10/2014"",
                    ""date_of_change"": ""15/01/2015""
                },
                ""classes_name_info_company"": {
                    ""company_name"": ""CHI NHÁNH CÔNG TY CỔ PHẦN DỊCH VỤ Ô TÔ HÀNG XANH TẠI HÀ NỘI"",
                    ""company_name_vi"": ""CHI NHÁNH CÔNG TY CỔ PHẦN DỊCH VỤ Ô TÔ HÀNG XANH TẠI HÀ NỘI"",
                    ""company_name_en"": """",
                    ""short_name"": ""HAXACO HÀ NỘI"",
                    ""company_address"": ""46 Láng Hạ, Phường Láng Hạ, Quận Đống Đa, Thành phố Hà Nội, Việt Nam"",
                    ""company_phone"": ""04.37644646"",
                    ""fax"": """",
                    ""email"": """",
                    ""website"": """",
                    ""business_entity"": """",
                    ""business_field"": ""Bán buôn ô tô và xe có động cơ khác, Bán phụ tùng và các bộ phận phụ trợ của ô tô và xe có động cơ khác, Hoạt động dịch vụ hỗ trợ khác liên quan đến vận tải, Đại lý, môi giới, đấu giá, Bảo dưỡng, sửa chữa ô tô và xe có động cơ khác, Sản xuất phương tiện và thiết bị vận tải khác chưa được phân vào đâu, Cho thuê xe có động cơ, Hoạt động thiết kế chuyên dụng, Vận tải hàng hóa bằng đường bộ"",
                    ""business_field_id"": [
                        ""4511"",
                        ""4530"",
                        ""5229"",
                        ""4610"",
                        ""4520"",
                        ""3099"",
                        ""7710"",
                        ""7410"",
                        ""4933""
                    ],
                    ""authorized_capital"": """",
                    ""authorized_capital_num"": """",
                    ""authorized_capital_char"": """",
                    ""par_value"": """",
                    ""total_share"": """",
                    ""shares_available_for_sale"": """"
                },
                ""classes_name_key_contributior"": [],
                ""classes_name_key_legal_representative"": [
                    {
                        ""order_number"": """",
                        ""person_name"": ""TRẦN TUẤN ĐẠT"",
                        ""representative_address"": ""Phòng 601, B2 Khu đô thị mới Mỹ Đình 1, Phường Cầu Diễn, Quận Nam Từ Liêm, Thành phố Hà Nội, Việt Nam"",
                        ""household_address"": ""Phòng 601, B2 Khu đô thị mới Mỹ Đình 1, Phường Cầu Diễn, Quận Nam Từ Liêm, Thành phố Hà Nội, Việt Nam"",
                        ""nationality"": ""Việt Nam"",
                        ""share_type"": """",
                        ""number_of_shares"": """",
                        ""share_value"": """",
                        ""proportion"": """",
                        ""card_number"": ""013065011"",
                        ""note"": """",
                        ""dob"": ""04/06/1979"",
                        ""issue_date"": ""10/03/2008"",
                        ""issued_at"": ""Công an TP Hà Nội"",
                        ""card_type"": ""Giấy chứng minh nhân dân"",
                        ""gender"": ""Nam"",
                        ""representative_title"": """",
                        ""ethnicity"": ""Kinh""
                    }
                ],
                ""classes_name_key_company_owner_info"": [
                                        {
                        ""order_number"": """",
                        ""person_name"": """",
                        ""representative_address"": """",
                        ""household_address"": """",
                        ""nationality"": """",
                        ""share_type"": """",
                        ""number_of_shares"": """",
                        ""share_value"": """",
                        ""proportion"": """",
                        ""card_number"": """",
                        ""note"": """",
                        ""dob"": """",
                        ""issue_date"": """",
                        ""issued_at"": """",
                        ""card_type"": """",
                        ""gender"": """",
                        ""representative_title"": """",
                        ""ethnicity"": """",
                        ""owner_organize_name"": ""CÔNG TY CỔ PHẦN DỊCH VỤ Ô TÔ XANH"",
                        ""owner_organize_code"": ""0302000126"",
                        ""owner_organize_issue_date"": """",
                        ""owner_organize_issued_at"": """",
                        ""owner_organize_address"": ""235/18 Điện Biên Phủ, Phường 15, Quận Bình Thạnh, Thành phố Hồ Chí Minh, Việt Nam""
                    }],
                ""classes_name_company_branch"": []
            }
        }
    ],
    ""status"": 200,
    ""message"": ""thành công"",
    ""business_warning"": false,
    ""page_numbers"": 0,
    ""response_warning"": false,
    ""use_llm"": true
}",https://drive.google.com/file/d/1U5wq2VaGsst8ip4T0KHtit2E88NbPakb/view?usp=drive_link
22,"{
    ""uuid"": ""5e964026-1f43-11f0-8780-b8ca3af3851a"",
    ""results"": [
        {
            ""file_name"": ""pdf24_converted (4).pdf"",
            ""extract_data"": {
                ""classes_name_info_invoices"": {
                    ""registration_location"": ""SỞ KẾ HOẠCH VÀ ĐẦU TƯ THÀNH PHỐ HỒ CHÍ MINH Phòng Đăng Ký Kinh Doanh"",
                    ""business_type"": ""Công ty cổ phần"",
                    ""business_code"": ""0303104343"",
                    ""business_regis_code"": """",
                    ""regis_date"": ""23/11/2007"",
                    ""date_of_change"": ""21/01/2015""
                },
                ""classes_name_info_company"": {
                    ""company_name"": ""Công Ty Cổ Phần Dịch Vụ Xây Dựng Địa Ốc Đất Xanh"",
                    ""company_name_vi"": ""CÔNG TY CỔ PHẦN DỊCH VỤ XÂY DỰNG ĐỊA ỐC ĐẤT XANH"",
                    ""company_name_en"": """",
                    ""short_name"": """",
                    ""company_address"": ""27 Đinh Bộ Lĩnh, Phường 24, Quận Bình Thạnh, Thành phố Hồ Chí Minh, Việt Nam"",
                    ""company_phone"": ""08-62525252"",
                    ""fax"": """",
                    ""email"": """",
                    ""website"": """",
                    ""business_entity"": """",
                    ""business_field"": ""Kinh doanh bất động sản, quyền sử dụng đất thuộc chủ sở hữu, chủ sử dụng hoặc đi thuê, Tư vấn, môi giới, đấu giá bất động sản, đấu giá quyền sử dụng đất, Hoạt động hỗ trợ dịch vụ tài chính chưa được phân vào đâu, Xây dựng công trình kỹ thuật dân dụng khác, Hoàn thiện công trình xây dựng, Hoạt động thiết kế chuyên dụng, Hoạt động kiến trúc và tư vấn kỹ thuật có liên quan, Phá dỡ, Giáo dục nghề nghiệp, Khai thác đá, cát, sỏi, đất sét, In ấn, Dịch vụ liên quan đến in, Sao chép bản ghi các loại, Sản xuất xi măng, vôi và thạch cao, Cắt tạo dáng và hoàn thiện đá, Sản xuất sắt, thép, gang, Sản xuất giường, tủ, bàn, ghế, Xây dựng nhà các loại, Lắp đặt hệ thống điện, Lắp đặt hệ thống cấp, thoát nước, lò sưởi và điều hoà không khí, Lắp đặt hệ thống xây dựng khác, Bán buôn vật liệu, thiết bị lắp đặt khác trong xây dựng, Bán lẻ đồ ngũ kim, sơn, kính và thiết bị lắp đặt khác trong xây dựng trong các cửa hàng chuyên doanh, Bán lẻ đồ điện gia dụng, giường, tủ, bàn, ghế và đồ nội thất tương tự, đèn và bộ đèn điện, đồ dùng gia đình khác chưa được phân vào đâu trong các cửa hàng chuyên doanh, Dịch vụ lưu trú ngắn ngày, Hoạt động tư vấn quản lý, Quảng cáo, Nghiên cứu thị trường và thăm dò dư luận, Hoạt động nhiếp ảnh, Điều hành tua du lịch, Vệ sinh chung nhà cửa, Vệ sinh nhà cửa và các công trình khác, Dịch vụ chăm sóc và duy trì cảnh quan, Dịch vụ hành chính văn phòng tổng hợp, Tổ chức giới thiệu và xúc tiến thương mại, Đào tạo cao đẳng, Đào tạo đại học và sau đại học, Giáo dục khác chưa được phân vào đâu, Dịch vụ hỗ trợ giáo dục, Hoạt động của các cơ sở thể thao"",
                    ""business_field_id"": [
                        ""6810"",
                        ""6820"",
                        ""6619"",
                        ""4290"",
                        ""4330"",
                        ""7410"",
                        ""7110"",
                        ""4311"",
                        ""8532"",
                        ""0810"",
                        ""1811"",
                        ""1812"",
                        ""1820"",
                        ""2394"",
                        ""2395"",
                        ""2396"",
                        ""2410"",
                        ""3100"",
                        ""4100"",
                        ""4321"",
                        ""4322"",
                        ""4329"",
                        ""4663"",
                        ""4752"",
                        ""4759"",
                        ""5510"",
                        ""7020"",
                        ""7310"",
                        ""7320"",
                        ""7420"",
                        ""7912"",
                        ""8121"",
                        ""8129"",
                        ""8130"",
                        ""8211"",
                        ""8230"",
                        ""8541"",
                        ""8542"",
                        ""8559"",
                        ""8560"",
                        ""9311""
                    ],
                    ""authorized_capital"": ""1.007.000.000.000 đồng"",
                    ""authorized_capital_num"": ""1.007.000.000.000 đồng"",
                    ""authorized_capital_char"": ""Một nghìn không trăm lẻ bảy tỷ đồng"",
                    ""par_value"": ""10.000 đồng"",
                    ""total_share"": ""100.700.000"",
                    ""shares_available_for_sale"": ""0""
                },
                ""classes_name_key_contributior"": [
                    {
                        ""order_number"": ""1"",
                        ""person_name"": ""Lương Trí Thìn"",
                        ""representative_address"": ""140/60 Điện Biên Phủ, Phường 17, Quận Bình Thạnh, Việt Nam"",
                        ""household_address"": """",
                        ""nationality"": """",
                        ""share_type"": ""Cổ phần phổ thông"",
                        ""number_of_shares"": ""8.151.000"",
                        ""share_value"": ""81.510.000.000"",
                        ""proportion"": ""50,94"",
                        ""card_number"": ""024789689"",
                        ""note"": """",
                        ""dob"": """",
                        ""issue_date"": """",
                        ""issued_at"": """",
                        ""card_type"": """",
                        ""gender"": """",
                        ""representative_title"": """",
                        ""ethnicity"": """"
                    },
                    {
                        ""order_number"": ""2"",
                        ""person_name"": ""Lương Trí Tú"",
                        ""representative_address"": ""88 Đông Quang, Phường Hàm Rồng, TP. Thanh Hóa, Tỉnh Thanh Hóa, Việt Nam"",
                        ""household_address"": """",
                        ""nationality"": """",
                        ""share_type"": ""Cổ phần phổ thông"",
                        ""number_of_shares"": ""443.890"",
                        ""share_value"": ""4.438.900.000"",
                        ""proportion"": ""2,77"",
                        ""card_number"": ""172009208"",
                        ""note"": """",
                        ""dob"": """",
                        ""issue_date"": """",
                        ""issued_at"": """",
                        ""card_type"": """",
                        ""gender"": """",
                        ""representative_title"": """",
                        ""ethnicity"": """"
                    },
                    {
                        ""order_number"": ""3"",
                        ""person_name"": ""Trần Văn Ảnh"",
                        ""representative_address"": ""124 Lê Lai, phường 3, TP. Vũng Tàu, tỉnh Bà Rịa- Vũng Tàu, Việt Nam"",
                        ""household_address"": """",
                        ""nationality"": """",
                        ""share_type"": ""Cổ phần phổ thông"",
                        ""number_of_shares"": ""390.000"",
                        ""share_value"": ""3.900.000.000"",
                        ""proportion"": ""2,44"",
                        ""card_number"": ""273251120"",
                        ""note"": """",
                        ""dob"": """",
                        ""issue_date"": """",
                        ""issued_at"": """",
                        ""card_type"": """",
                        ""gender"": """",
                        ""representative_title"": """",
                        ""ethnicity"": """"
                    }
                ],
                ""classes_name_key_legal_representative"": [
                    {
                        ""order_number"": """",
                        ""person_name"": ""Lương Trí Thìn"",
                        ""representative_address"": ""140/60 Điện Biên Phủ, Phường 17, Quận Bình Thạnh, Việt Nam"",
                        ""household_address"": ""140/60 Điện Biên Phủ, Phường 17, Quận Bình Thạnh, Thành phố Hồ Chí Minh, Việt Nam"",
                        ""nationality"": ""Việt Nam"",
                        ""share_type"": """",
                        ""number_of_shares"": """",
                        ""share_value"": """",
                        ""proportion"": """",
                        ""card_number"": ""024789689"",
                        ""note"": """",
                        ""dob"": ""10/08/1976"",
                        ""issue_date"": ""27/09/2007"",
                        ""issued_at"": ""Công an TPHCM"",
                        ""card_type"": ""Giấy chứng minh nhân dân"",
                        ""gender"": ""Nam"",
                        ""representative_title"": ""Chủ tịch hội đồng quản trị"",
                        ""ethnicity"": ""Kinh""
                    }
                ],
                ""classes_name_key_company_owner_info"": [],
                ""classes_name_company_branch"": []
            }
        }
    ],
    ""status"": 200,
    ""message"": ""thành công"",
    ""business_warning"": false,
    ""page_numbers"": 0,
    ""response_warning"": false,
    ""use_llm"": true
}",https://drive.google.com/file/d/1TwbqyY6Az7k0cSq_Lb_mJjY0U54OHYcU/view?usp=drive_link
23,"{
    ""uuid"": ""a0ca334c-1f45-11f0-8780-b8ca3af3851a"",
    ""results"": [
        {
            ""file_name"": ""pdf24_converted (5).pdf"",
            ""extract_data"": {
                ""classes_name_info_invoices"": {
                    ""registration_location"": ""SỞ KẾ HOẠCH VÀ ĐẦU TƯ THÀNH PHỐ HỒ CHÍ MINH Phòng Đăng Ký Kinh Doanh"",
                    ""business_type"": ""Doanh nghiệp"",
                    ""business_code"": ""0302482409"",
                    ""business_regis_code"": """",
                    ""regis_date"": ""30/11/2001"",
                    ""date_of_change"": ""21/11/2022""
                },
                ""classes_name_info_company"": {
                    ""company_name"": ""CÔNG TY TNHH SẢN XUẤT VÀ THƯƠNG MẠI ĐẠI PHÚC"",
                    ""company_name_vi"": ""CÔNG TY TNHH SẢN XUẤT VÀ THƯƠNG MẠI ĐẠI PHÚC"",
                    ""company_name_en"": ""DAI PHUC TRADING AND PRODUCTION COMPANY LIMITED"",
                    ""short_name"": ""DAPHUCO., LTD"",
                    ""company_address"": ""Lô số 8, Đường Song Hành, khu công nghiệp Tân Tạo A, Phường Tân Tạo A, Quận Bình Tân, Thành phố Hồ Chí Minh, Việt Nam"",
                    ""company_phone"": ""028 37507818"",
                    ""fax"": ""028 37540238"",
                    ""email"": ""info@tienlen.com.vn"",
                    ""website"": ""www.tienlensteel.com.vn"",
                    ""business_entity"": """",
                    ""business_field"": """",
                    ""business_field_id"": [],
                    ""authorized_capital"": ""120.000.000.000 đồng"",
                    ""authorized_capital_num"": ""120.000.000.000 đồng"",
                    ""authorized_capital_char"": ""Một trăm hai mươi tỷ đồng"",
                    ""par_value"": """",
                    ""total_share"": """",
                    ""shares_available_for_sale"": """"
                },
                ""classes_name_key_contributior"": [
                    {
                        ""order_number"": ""1"",
                        ""person_name"": ""CÔNG TY CỔ PHẦN TẬP ĐOÀN THÉP TIẾN LÊN"",
                        ""representative_address"": """",
                        ""household_address"": ""G4A, KP 4, Phường Tân Hiệp, Thành phố Biên Hoà, Tỉnh Đồng Nai, Việt Nam"",
                        ""nationality"": """",
                        ""share_type"": """",
                        ""number_of_shares"": """",
                        ""share_value"": ""115.000.000.000"",
                        ""proportion"": ""95,83"",
                        ""card_number"": ""3600512830"",
                        ""note"": """",
                        ""dob"": """",
                        ""issue_date"": """",
                        ""issued_at"": """",
                        ""card_type"": """",
                        ""gender"": """",
                        ""representative_title"": """",
                        ""ethnicity"": """"
                    },
                    {
                        ""order_number"": ""2"",
                        ""person_name"": ""PHAM THI HONG"",
                        ""representative_address"": """",
                        ""household_address"": ""G1A, Tổ 6, Khu phố 4, Phường Tân Hiệp, Thành phố Biên Hoà, Tỉnh Đồng Nai, Việt Nam"",
                        ""nationality"": ""Việt Nam"",
                        ""share_type"": """",
                        ""number_of_shares"": """",
                        ""share_value"": ""5.000.000.000"",
                        ""proportion"": ""4,17"",
                        ""card_number"": ""0751 6800 0855"",
                        ""note"": """",
                        ""dob"": """",
                        ""issue_date"": """",
                        ""issued_at"": """",
                        ""card_type"": """",
                        ""gender"": """",
                        ""representative_title"": """",
                        ""ethnicity"": """"
                    }
                ],
                ""classes_name_key_legal_representative"": [
                    {
                        ""order_number"": """",
                        ""person_name"": ""LÊ VĂN TRỌNG"",
                        ""representative_address"": ""528/59, Khu phố 4, Phường Tân Hiệp, Thành phố Biên Hoà, Tỉnh Đồng Nai, Việt Nam"",
                        ""household_address"": ""528/59, Khu phố 4, Phường Tân Hiệp, Thành phố Biên Hoà, Tỉnh Đồng Nai, Việt Nam"",
                        ""nationality"": ""Việt Nam"",
                        ""share_type"": """",
                        ""number_of_shares"": """",
                        ""share_value"": """",
                        ""proportion"": """",
                        ""card_number"": ""030072007863"",
                        ""note"": """",
                        ""dob"": ""20/02/1972"",
                        ""issue_date"": ""09/01/2022"",
                        ""issued_at"": ""Cục Cảnh sát quản lý hành chính về trật tự xã hội"",
                        ""card_type"": ""Thẻ căn cước công dân"",
                        ""gender"": ""Nam"",
                        ""representative_title"": ""Giám đốc"",
                        ""ethnicity"": ""Kinh""
                    }
                ],
                ""classes_name_key_company_owner_info"": [],
                ""classes_name_company_branch"": []
            }
        }
    ],
    ""status"": 200,
    ""message"": ""thành công"",
    ""business_warning"": false,
    ""page_numbers"": 0,
    ""response_warning"": false,
    ""use_llm"": true
}",https://drive.google.com/file/d/1xIyxFb0ty-xr6TG1ohbzchcWJcOJG3Ud/view?usp=drive_link
24,"{
    ""uuid"": ""ffad7da2-1f49-11f0-8780-b8ca3af3851a"",
    ""results"": [
        {
            ""file_name"": ""pdf24_converted (7).pdf"",
            ""extract_data"": {
                ""classes_name_info_invoices"": {
                    ""registration_location"": ""SỞ KẾ HOẠCH VÀ ĐẦU TƯ TỈNH GIA LAI"",
                    ""business_type"": ""Doanh nghiệp"",
                    ""business_code"": ""5900288566"",
                    ""business_regis_code"": """",
                    ""regis_date"": ""23/05/2002"",
                    ""date_of_change"": ""02/04/2015""
                },
                ""classes_name_info_company"": {
                    ""company_name"": ""Công Ty Cổ Phần Thủy Điện Gia Lai"",
                    ""company_name_vi"": ""CÔNG TY CỔ PHẦN THỦY ĐIỆN GIA LAI"",
                    ""company_name_en"": ""GIA LAI HYDROPOWER JOINT STOCK COMPANY"",
                    ""short_name"": ""GHC"",
                    ""company_address"": ""114 Trường Chinh, Phường Phù Đổng, Thành phố Pleiku, Tỉnh Gia Lai, Việt Nam"",
                    ""company_phone"": ""0593830013"",
                    ""fax"": ""0593830013"",
                    ""email"": ""thuydiengialai@gmail.com"",
                    ""website"": ""www.ghc.vn"",
                    ""business_entity"": """",
                    ""business_field"": ""Xây dựng công trình kỹ thuật dân dụng khác, Hoạt động kiến trúc và tư vấn kỹ thuật có liên quan, Sản xuất, truyền tải và phân phối điện"",
                    ""business_field_id"": [
                        ""4290"",
                        ""7110"",
                        ""3510""
                    ],
                    ""authorized_capital"": ""205.000.000.000 đồng"",
                    ""authorized_capital_num"": ""205.000.000.000 đồng"",
                    ""authorized_capital_char"": ""Hai trăm lẻ năm tỷ đồng"",
                    ""par_value"": ""10.000 đồng"",
                    ""total_share"": ""20.500.000"",
                    ""shares_available_for_sale"": ""0""
                },
                ""classes_name_key_contributior"": [
                    {
                        ""order_number"": ""1"",
                        ""person_name"": ""CÔNG TY CỔ PHẦN ĐIỆN GIA LAI"",
                        ""representative_address"": ""114 Trường Chinh, Phường Phù Đổng, Thành phố Pleiku, Tỉnh Gia Lai, Việt Nam"",
                        ""household_address"": """",
                        ""nationality"": """",
                        ""share_type"": ""Cổ phần phổ thông"",
                        ""number_of_shares"": ""12.006.464"",
                        ""share_value"": ""120.064.640.000"",
                        ""proportion"": ""58,57"",
                        ""card_number"": ""5900181213"",
                        ""note"": """",
                        ""dob"": """",
                        ""issue_date"": """",
                        ""issued_at"": """",
                        ""card_type"": """",
                        ""gender"": """",
                        ""representative_title"": """",
                        ""ethnicity"": """"
                    },
                    {
                        ""order_number"": ""2"",
                        ""person_name"": ""TỔNG CÔNG TY ĐIỆN LỰC MIỀN TRUNG"",
                        ""representative_address"": ""393 Trung Nữ Vương, Quận Hải Châu, Thành phố Đà Nẵng, Việt Nam"",
                        ""household_address"": """",
                        ""nationality"": """",
                        ""share_type"": ""Cổ phần phổ thông"",
                        ""number_of_shares"": ""600.000"",
                        ""share_value"": ""6.000.000.000"",
                        ""proportion"": ""2,93"",
                        ""card_number"": ""0400101394"",
                        ""note"": """",
                        ""dob"": """",
                        ""issue_date"": """",
                        ""issued_at"": """",
                        ""card_type"": """",
                        ""gender"": """",
                        ""representative_title"": """",
                        ""ethnicity"": """"
                    }
                ],
                ""classes_name_key_legal_representative"": [
                    {
                        ""order_number"": """",
                        ""person_name"": ""LÊ AN KHANG"",
                        ""representative_address"": ""Ấp Chợ, Xã Bình Đức, Huyện Châu Thành, Tỉnh Tiền Giang, Việt Nam"",
                        ""household_address"": ""Ấp Chợ, Xã Bình Đức, Huyện Châu Thành, Tỉnh Tiền Giang, Việt Nam"",
                        ""nationality"": ""Việt Nam"",
                        ""share_type"": """",
                        ""number_of_shares"": """",
                        ""share_value"": """",
                        ""proportion"": """",
                        ""card_number"": ""311635876"",
                        ""note"": """",
                        ""dob"": ""12/12/1981"",
                        ""issue_date"": ""01/09/2008"",
                        ""issued_at"": ""Công an Tiền Giang"",
                        ""card_type"": ""Giấy chứng minh nhân dân"",
                        ""gender"": ""Nam"",
                        ""representative_title"": ""Chủ tịch hội đồng quản trị"",
                        ""ethnicity"": ""Kinh""
                    }
                ],
                ""classes_name_key_company_owner_info"": [],
                ""classes_name_company_branch"": []
            }
        }
    ],
    ""status"": 200,
    ""message"": ""thành công"",
    ""business_warning"": false,
    ""page_numbers"": 0,
    ""response_warning"": false,
    ""use_llm"": true
}",https://drive.google.com/file/d/1LeJTqqB6r86ohkcTgJPVTd_O1HNXFH78/view?usp=drive_link
25,"{
    ""uuid"": ""17c51876-1f5b-11f0-8780-b8ca3af3851a"",
    ""results"": [
        {
            ""file_name"": ""54688678.jpg"",
            ""extract_data"": {
                ""classes_name_info_invoices"": {
                    ""registration_location"": ""ỦY BAN NHÂN DÂN QUẬN GÒ VẤP"",
                    ""business_type"": ""Hộ kinh doanh"",
                    ""business_code"": """",
                    ""business_regis_code"": ""41M8042066"",
                    ""regis_date"": ""02/07/2020"",
                    ""date_of_change"": """"
                },
                ""classes_name_info_company"": {
                    ""company_name"": ""HỘ KINH DOANH SAIGON BEAUTY"",
                    ""company_name_vi"": """",
                    ""company_name_en"": """",
                    ""short_name"": """",
                    ""company_address"": ""668 Quang Trung, Phường 11, Quận Gò Vấp"",
                    ""company_phone"": ""0972729423"",
                    ""fax"": """",
                    ""email"": """",
                    ""website"": """",
                    ""business_entity"": ""Cá nhân"",
                    ""business_field"": ""Chăm sóc da (phải thực hiện đúng các quy định của pháp luật về đất đai, xây dựng, phòng cháy chữa cháy, bảo vệ môi trường, các quy định khác của pháp luật hiện hành và các điều kiện kinh doanh đối với ngành nghề kinh doanh có điều kiện)."",
                    ""business_field_id"": [],
                    ""authorized_capital"": ""300.000.000 đồng"",
                    ""authorized_capital_num"": ""300.000.000 đồng"",
                    ""authorized_capital_char"": ""Ba trăm triệu đồng"",
                    ""par_value"": """",
                    ""total_share"": """",
                    ""shares_available_for_sale"": """"
                },
                ""classes_name_key_contributior"": [],
                ""classes_name_key_legal_representative"": [
                    {
                        ""order_number"": """",
                        ""person_name"": ""NGUYỄN THỊ HƯỜNG"",
                        ""representative_address"": ""A.818 Chung cư Saigonres Plaza, 188 Nguyễn Xí, Phường 26, quận Bình Thạnh"",
                        ""household_address"": ""A.818 Chung cư Saigonres Plaza, 188 Nguyễn Xí, Phường 26, quận Bình Thạnh"",
                        ""nationality"": """",
                        ""share_type"": """",
                        ""number_of_shares"": """",
                        ""share_value"": """",
                        ""proportion"": """",
                        ""card_number"": ""001185019431"",
                        ""note"": """",
                        ""dob"": ""10/07/1985"",
                        ""issue_date"": ""20/07/2017"",
                        ""issued_at"": ""Cục cảnh sát đăng ký, quản lý cư trú và dữ liệu quốc gia về dân cư"",
                        ""card_type"": ""Căn cước công dân"",
                        ""gender"": ""Nữ"",
                        ""representative_title"": """",
                        ""ethnicity"": ""Kinh""
                    }
                ],
                ""classes_name_key_company_owner_info"": [],
                ""classes_name_company_branch"": []
            }
        }
    ],
    ""status"": 200,
    ""message"": ""thành công"",
    ""business_warning"": false,
    ""page_numbers"": 0,
    ""response_warning"": false,
    ""use_llm"": true
}",https://drive.google.com/file/d/13McutNTa9-Sq5uaH-IoL2_mjkR9k9mKr/view?usp=drive_link
26,"{
    ""uuid"": ""5730e73a-1f5e-11f0-8780-b8ca3af3851a"",
    ""results"": [
        {
            ""file_name"": ""giay-phep-kinh-doanh-moi-tai-so-8-ngo-thinh-yen (1).jpg"",
            ""extract_data"": {
                ""classes_name_info_invoices"": {
                    ""registration_location"": ""UBND Quận Hai Bà Trưng"",
                    ""business_type"": ""Hộ kinh doanh"",
                    ""business_code"": """",
                    ""business_regis_code"": ""01D8029698"",
                    ""regis_date"": ""28/05/2016"",
                    ""date_of_change"": ""03/09/2019""
                },
                ""classes_name_info_company"": {
                    ""company_name"": ""ĐÀO MẠNH CƯỜNG -91"",
                    ""company_name_vi"": ""ĐÀO MẠNH CƯỜNG -91"",
                    ""company_name_en"": """",
                    ""short_name"": """",
                    ""company_address"": ""Số 8 ngõ Thịnh Yên, chợ Hòa Bình, phường Phố Huế, quận Hai Bà Trưng, thành phố Hà Nội"",
                    ""company_phone"": """",
                    ""fax"": """",
                    ""email"": """",
                    ""website"": """",
                    ""business_entity"": ""Cá nhân"",
                    ""business_field"": ""Buôn bán dụng cụ cơ kim khí, đồ điện, điện máy, thiết bị hàn, que hàn, vòng bi, dụng cụ đo dạc kỹ thuật, đồ hơi, thủy lực"",
                    ""business_field_id"": [],
                    ""authorized_capital"": ""70.000.000 VND"",
                    ""authorized_capital_num"": ""70.000.000 VND"",
                    ""authorized_capital_char"": ""Bảy mươi triệu đồng"",
                    ""par_value"": """",
                    ""total_share"": """",
                    ""shares_available_for_sale"": """"
                },
                ""classes_name_key_contributior"": [],
                ""classes_name_key_legal_representative"": [
                    {
                        ""order_number"": """",
                        ""person_name"": ""ĐÀO MẠNH CƯỜNG"",
                        ""representative_address"": ""Số 31 ngõ 10 Đê La Thành, Phuong Liên, Đống Đa, Hà Nội"",
                        ""household_address"": ""Số 31 ngõ 10 Đê La Thành, Phuong Liên, Đống Đa, Hà Nội"",
                        ""nationality"": ""Việt Nam"",
                        ""share_type"": """",
                        ""number_of_shares"": """",
                        ""share_value"": """",
                        ""proportion"": """",
                        ""card_number"": ""001091008421"",
                        ""note"": """",
                        ""dob"": ""02/04/1991"",
                        ""issue_date"": ""22/09/2015"",
                        ""issued_at"": ""Cục trưởng cục CS ĐKQL cư trú và DLQG về dân cư"",
                        ""card_type"": ""Chứng minh nhân dân"",
                        ""gender"": ""Nam"",
                        ""representative_title"": """",
                        ""ethnicity"": ""Kinh""
                    }
                ],
                ""classes_name_key_company_owner_info"": [],
                ""classes_name_company_branch"": []
            }
        }
    ],
    ""status"": 200,
    ""message"": ""thành công"",
    ""business_warning"": false,
    ""page_numbers"": 0,
    ""response_warning"": false,
    ""use_llm"": true
}",https://drive.google.com/file/d/1GtVIojghJb7pmsISCmfFnaN7QcZfYoP1/view?usp=drive_link
27,"{
    ""uuid"": ""2599422e-1f60-11f0-8780-b8ca3af3851a"",
    ""results"": [
        {
            ""file_name"": ""image_2024_12_18T02_44_25_335Z.png"",
            ""extract_data"": {
                ""classes_name_info_invoices"": {
                    ""registration_location"": ""SỞ KẾ HOẠCH VÀ ĐẦU TƯ THÀNH PHỐ HÀ NỘI"",
                    ""business_type"": ""Doanh nghiệp"",
                    ""business_code"": ""0106330914"",
                    ""business_regis_code"": """",
                    ""regis_date"": ""10/10/2013"",
                    ""date_of_change"": ""10/08/2020""
                },
                ""classes_name_info_company"": {
                    ""company_name"": ""CÔNG TY CỔ PHẦN IBS MRO VIỆT NAM"",
                    ""company_name_vi"": ""CÔNG TY CỔ PHẦN IBS MRO VIỆT NAM"",
                    ""company_name_en"": ""IBS MRO JOINT STOCK COMPANY"",
                    ""short_name"": """",
                    ""company_address"": ""VP 3, tầng 24 tháp B, tòa nhà 173 Xuân Thủy, Phường Dịch Vọng Hậu, Quận Cầu Giấy, Thành phố Hà Nội, Việt Nam"",
                    ""company_phone"": ""024 2224 8888"",
                    ""fax"": """",
                    ""email"": ""admin-hr@ibsmro.com"",
                    ""website"": ""https://ibsmro.com"",
                    ""business_entity"": """",
                    ""business_field"": """",
                    ""business_field_id"": [],
                    ""authorized_capital"": ""25.000.000.000 đồng"",
                    ""authorized_capital_num"": ""25.000.000.000 đồng"",
                    ""authorized_capital_char"": ""Hai mươi lăm tỷ đồng"",
                    ""par_value"": ""10.000 đồng"",
                    ""total_share"": ""2.500.000"",
                    ""shares_available_for_sale"": """"
                },
                ""classes_name_key_contributior"": [],
                ""classes_name_key_legal_representative"": [
                    {
                        ""order_number"": """",
                        ""person_name"": ""HOÀNG THỊ DUNG"",
                        ""representative_address"": ""Ecohome 3, Đông Ngạc, Bắc Từ Liêm, Hà Nội"",
                        ""household_address"": ""201 Nhà A T/T Bộ Tư lệnh Bảo vệ Lăng, Phường Cống Vị, Quận Ba Đình, Thành phố Hà Nội, Việt Nam"",
                        ""nationality"": ""Việt Nam"",
                        ""share_type"": """",
                        ""number_of_shares"": """",
                        ""share_value"": """",
                        ""proportion"": """",
                        ""card_number"": ""37193000580"",
                        ""note"": """",
                        ""dob"": ""26/10/1993"",
                        ""issue_date"": ""09/06/2023"",
                        ""issued_at"": ""Cục Cảnh sát ĐKQL cư trú và DLQG về dân cư"",
                        ""card_type"": ""Thẻ căn cước công dân"",
                        ""gender"": ""Nữ"",
                        ""representative_title"": ""Giám đốc"",
                        ""ethnicity"": ""Kinh""
                    }
                ],
                ""classes_name_key_company_owner_info"": [],
                ""classes_name_company_branch"": []
            }
        }
    ],
    ""status"": 200,
    ""message"": ""thành công"",
    ""business_warning"": false,
    ""page_numbers"": 0,
    ""response_warning"": false,
    ""use_llm"": true
}",https://drive.google.com/file/d/1rLeoCScr4SvBE0iXu5EvgHDdw_QsdwFP/view?usp=drive_link
28,"{
    ""uuid"": ""f3dd8d50-1fe4-11f0-87bd-b8ca3af3851a"",
    ""results"": [
        {
            ""file_name"": ""7. GCN dang ky DN 2 công ty TNHH 1 TV HQ.pdf"",
            ""extract_data"": {
                ""classes_name_info_invoices"": {
                    ""registration_location"": ""SỞ KẾ HOẠCH VÀ ĐẦU TƯ THÀNH PHỐ HÀ NỘI"",
                    ""business_type"": ""Doanh nghiệp"",
                    ""business_code"": ""0101646696"",
                    ""business_regis_code"": """",
                    ""regis_date"": ""27/04/2005"",
                    ""date_of_change"": ""14/07/2021""
                },
                ""classes_name_info_company"": {
                    ""company_name"": ""CÔNG TY TNHH THƯƠNG MẠI DỊCH VỤ XUẤT NHẬP KHẨU HQ"",
                    ""company_name_vi"": ""CÔNG TY TNHH THƯƠNG MẠI DỊCH VỤ XUẤT NHẬP KHẨU HQ"",
                    ""company_name_en"": ""HQ TRADING SERVICE IMPORT EXPORT COMPANY LIMITED"",
                    ""short_name"": ""HQCOM CO., LTD"",
                    ""company_address"": ""Số nhà 14, K1, tổ 61A, Phường Láng Hạ, Quận Đống Đa, Thành phố Hà Nội, Việt Nam"",
                    ""company_phone"": ""0946666406"",
                    ""fax"": """",
                    ""email"": """",
                    ""website"": """",
                    ""business_entity"": """",
                    ""business_field"": """",
                    ""business_field_id"": [],
                    ""authorized_capital"": ""40.000.000.000 đồng"",
                    ""authorized_capital_num"": ""40.000.000.000 đồng"",
                    ""authorized_capital_char"": ""Bốn mươi tỷ đồng"",
                    ""par_value"": """",
                    ""total_share"": """",
                    ""shares_available_for_sale"": """"
                },
                ""classes_name_key_contributior"": [],
                ""classes_name_key_legal_representative"": [
                    {
                        ""order_number"": """",
                        ""person_name"": ""NGUYỄN HOÀI NAM"",
                        ""representative_address"": ""29 ngõ 357 Tổ 33, Phường Bạch Mai, Quận Hai Bà Trưng, Thành phố Hà Nội, Việt Nam"",
                        ""household_address"": ""29 ngõ 357 Tổ 33, Phường Bạch Mai, Quận Hai Bà Trưng, Thành phố Hà Nội, Việt Nam"",
                        ""nationality"": ""Việt Nam"",
                        ""share_type"": """",
                        ""number_of_shares"": """",
                        ""share_value"": """",
                        ""proportion"": """",
                        ""card_number"": ""001082034804"",
                        ""note"": """",
                        ""dob"": ""15/09/1982"",
                        ""issue_date"": ""27/02/2020"",
                        ""issued_at"": ""Cục Cảnh sát Quản lý hành chính về trật tự xã hội"",
                        ""card_type"": ""Thẻ căn cước công dân"",
                        ""gender"": ""Nam"",
                        ""representative_title"": ""Giám đốc"",
                        ""ethnicity"": ""Kinh""
                    }
                ],
                ""classes_name_key_company_owner_info"": [{
                        ""order_number"": """",
                        ""person_name"": ""NGUYỄN HOÀI NAM"",
                        ""representative_address"": ""29 ngõ 357 Tổ 33, Phường Bạch Mai, Quận Hai Bà Trưng, Thành phố Hà Nội, Việt Nam"",
                        ""household_address"": ""29 ngõ 357 Tổ 33, Phường Bạch Mai, Quận Hai Bà Trưng, Thành phố Hà Nội, Việt Nam"",
                        ""nationality"": ""Việt Nam"",
                        ""share_type"": """",
                        ""number_of_shares"": """",
                        ""share_value"": """",
                        ""proportion"": """",
                        ""card_number"": ""001082034804"",
                        ""note"": """",
                        ""dob"": ""15/09/1982"",
                        ""issue_date"": ""27/02/2020"",
                        ""issued_at"": ""Cục Cảnh sát Quản lý hành chính về trật tự xã hội"",
                        ""card_type"": ""Thẻ căn cước công dân"",
                        ""gender"": ""Nam"",
                        ""representative_title"":"""",
                        ""ethnicity"": ""Kinh""
                    }],
                ""classes_name_company_branch"": []
            }
        }
    ],
    ""status"": 200,
    ""message"": ""thành công"",
    ""business_warning"": false,
    ""page_numbers"": 0,
    ""response_warning"": false,
    ""use_llm"": true
}",https://drive.google.com/file/d/1xhEe8xCYGkd2p3Jrek6OvM6fSZL9KMlS/view?usp=drive_link
29,"{
    ""uuid"": ""ec8a7270-1fe9-11f0-87bd-b8ca3af3851a"",
    ""results"": [
        {
            ""file_name"": ""MINH KHANG.pdf"",
            ""extract_data"": {
                ""classes_name_info_invoices"": {
                    ""registration_location"": ""Sở Kế Hoạch Và Đầu Tư Thành Phố Hà Nội Phòng Đăng Ký Kinh Doanh"",
                    ""business_type"": ""Doanh nghiệp"",
                    ""business_code"": ""0106195542"",
                    ""business_regis_code"": """",
                    ""regis_date"": ""03/06/2013"",
                    ""date_of_change"": ""02/01/2014""
                },
                ""classes_name_info_company"": {
                    ""company_name"": ""Công Ty TNHH Đầu Tư Xuất Nhập Khẩu Minh Khang"",
                    ""company_name_vi"": ""CÔNG TY TNHH ĐẦU TƯ XUẤT NHẬP KHẨU MINH KHANG"",
                    ""company_name_en"": ""MINH KHANG INVESTMENT EXPORT IMPORT COMPANY LIMITED"",
                    ""short_name"": """",
                    ""company_address"": ""Lô 131 dãy 4, tổ 109 khu giãn dân Vĩnh Thành, Phường Vĩnh Tuy, Quận Hai Bà Trưng, Thành phố Hà Nội, Việt Nam"",
                    ""company_phone"": ""0985727274"",
                    ""fax"": """",
                    ""email"": """",
                    ""website"": """",
                    ""business_entity"": """",
                    ""business_field"": ""Bán buôn nông, lâm sản nguyên liệu (trừ gỗ, tre, nứa) và động vật sống, Sản xuất giống thủy sản, Khai thác và thu gom than cứng, Hoạt động dịch vụ trồng trọt, Xử lý hạt giống để nhân giống, Khai thác và thu gom than non, Chế biến, bảo quản thịt và các sản phẩm từ thịt, Chế biến, bảo quản thủy sản và các sản phẩm từ thủy sản, Chế biến và bảo quản rau quả, Dịch vụ liên quan đến in, Xây dựng công trình đường sắt và đường bộ, Khai thác đá, cát, sỏi, đất sét, In ấn (trừ các loại Nhà nước cấm), Xây dựng nhà các loại, Phá dỡ, Lắp đặt hệ thống điện, Lắp đặt hệ thống xây dựng khác, Bán buôn ô tô và xe có động cơ khác, Bán lẻ ô tô con (loại 12 chỗ ngồi trở xuống), Đại lý ô tô và xe có động cơ khác, Bảo dưỡng, sửa chữa ô tô và xe có động cơ khác, Bán phụ tùng và các bộ phận phụ trợ của ô tô và xe có động cơ khác, Đại lý, môi giới, đấu giá, Bán buôn thực phẩm, Bán buôn đồ uống, Xây dựng công trình công ích, Xây dựng công trình kỹ thuật dân dụng khác, Chuẩn bị mặt bằng (không bao gồm dọn mìn và các loại tương tự tại mặt bằng xây dựng), Lắp đặt hệ thống cấp, thoát nước, lò sưởi và điều hoà không khí, Hoàn thiện công trình xây dựng, Hoạt động xây dựng chuyên dụng khác, Bán mô tô, xe máy, Bảo dưỡng và sửa chữa mô tô, xe máy, Bán phụ tùng và các bộ phận phụ trợ của mô tô, xe máy, Bán buôn gạo, Bán buôn đồ dùng khác cho gia đình, Bán buôn thiết bị và linh kiện điện tử, viễn thông, Bán buôn vải, hàng may sẵn, giày dép, Bán buôn máy vi tính, thiết bị ngoại vi và phần mềm, Bán buôn máy móc, thiết bị và phụ tùng máy nông nghiệp, Bán buôn máy móc, thiết bị và phụ tùng máy khác, Bán buôn kim loại và quặng kim loại (trừ quặng uranium và thorium), Bán buôn chuyên doanh khác chưa được phân vào đâu, Bán lẻ lương thực, thực phẩm, đồ uống, thuốc lá, thuốc lào trong các cửa hàng kinh doanh tổng hợp (không bao gồm thuốc lá ngoại), Bán lẻ nhiên liệu động cơ trong các cửa hàng chuyên doanh, Bán lẻ vải, len, sợi, chỉ khâu và hàng dệt khác trong các cửa hàng chuyên doanh, Bán lẻ đồ ngũ kim, sơn, kính và thiết bị lắp đặt khác trong các cửa hàng chuyên doanh, Bán lẻ đồ uống trong các cửa hàng chuyên doanh, Bán lẻ máy vi tính, thiết bị ngoại vi, phần mềm và thiết bị viễn thông trong các cửa hàng chuyên doanh, Bán lẻ thiết bị nghe nhìn trong các cửa hàng chuyên doanh, Bán lẻ thảm, đệm, chăn, màn, rèm, vật liệu phụ tường và sàn trong các cửa hàng chuyên doanh, Bán lẻ sách, báo, tạp chí văn phòng phẩm trong các cửa hàng chuyên doanh, Bán lẻ băng đĩa âm thanh, hình ảnh (kể cả băng, đĩa trắng) trong các cửa hàng chuyên doanh, Bán lẻ thiết bị, dụng cụ thể dục, thể thao trong các cửa hàng chuyên doanh, Bán lẻ trò chơi, đồ chơi trong các cửa hàng chuyên doanh (trừ các loại đồ chơi có hại cho sự giáo dục, phát triển nhân cách và sức khỏe của trẻ em hoặc ảnh hưởng tới an ninh trật tự, an toàn xã hội), Bán lẻ hàng may mặc, giày dép, hàng da và giả da trong các cửa hàng chuyên doanh, Bán lẻ thuốc, dụng cụ y tế, mỹ phẩm và vật phẩm vệ sinh trong các cửa hàng chuyên doanh, Bán lẻ hàng hóa khác mới trong các cửa hàng chuyên doanh, Quảng cáo (không bao gồm quảng cáo thuốc lá), Nghiên cứu thị trường và thăm dò dư luận (trừ hoạt động điều tra), Hoạt động thiết kế chuyên dụng, Bán lẻ theo yêu cầu đặt hàng qua bưu điện hoặc internet, Tổ chức giới thiệu và xúc tiến thương mại, Hoạt động hỗ trợ kinh doanh khác còn lại chưa được phân vào đâu, Xuất nhập khẩu các mặt hàng Công ty kinh doanh"",
                    ""business_field_id"": [
                        ""4620"",
                        ""0323"",
                        ""0510"",
                        ""0161"",
                        ""0164"",
                        ""0520"",
                        ""1010"",
                        ""1020"",
                        ""1030"",
                        ""1811"",
                        ""4210"",
                        ""0810"",
                        ""1811"",
                        ""4100"",
                        ""4311"",
                        ""4321"",
                        ""4329"",
                        ""4511"",
                        ""4512"",
                        ""4513"",
                        ""4520"",
                        ""4530"",
                        ""4610"",
                        ""4632"",
                        ""4633"",
                        ""4220"",
                        ""4290"",
                        ""4312"",
                        ""4322"",
                        ""4330"",
                        ""4390"",
                        ""4541"",
                        ""4542"",
                        ""4543"",
                        ""4631"",
                        ""4649"",
                        ""4652"",
                        ""4641"",
                        ""4651"",
                        ""4653"",
                        ""4659"",
                        ""4662"",
                        ""4669"",
                        ""4711"",
                        ""4722"",
                        ""4661"",
                        ""4663"",
                        ""4719"",
                        ""4721"",
                        ""4723"",
                        ""4741"",
                        ""4742"",
                        ""4753"",
                        ""4759"",
                        ""4761"",
                        ""4762"",
                        ""4763"",
                        ""4764"",
                        ""4771"",
                        ""4772"",
                        ""4773"",
                        ""7310"",
                        ""7320"",
                        ""7410"",
                        ""4791"",
                        ""8230"",
                        ""8299""
                    ],
                    ""authorized_capital"": ""10.000.000.000 đồng"",
                    ""authorized_capital_num"": ""10.000.000.000 đồng"",
                    ""authorized_capital_char"": ""Mười tỷ đồng"",
                    ""par_value"": """",
                    ""total_share"": """",
                    ""shares_available_for_sale"": """"
                },
                ""classes_name_key_contributior"": [
                    {
                        ""order_number"": ""1"",
                        ""person_name"": ""Trần Thị Xâm"",
                        ""representative_address"": ""Ô 10 Lô 12 Đền Lừ I, đường Hoàng Văn Thụ, Phường Hoàng Văn Thụ, Quận Hoàng Mai, Thành phố Hà Nội, Việt Nam"",
                        ""household_address"": """",
                        ""nationality"": """",
                        ""share_type"": """",
                        ""number_of_shares"": """",
                        ""share_value"": ""4.900.000.000 VND"",
                        ""proportion"": ""49"",
                        ""card_number"": ""013272649"",
                        ""note"": """",
                        ""dob"": """",
                        ""issue_date"": """",
                        ""issued_at"": """",
                        ""card_type"": """",
                        ""gender"": """",
                        ""representative_title"": """",
                        ""ethnicity"": """"
                    },
                    {
                        ""order_number"": ""2"",
                        ""person_name"": ""Lê Huy Bảy"",
                        ""representative_address"": ""Thôn Mỹ Thữ, Xã Vĩnh Hồng, Huyện Bình Giang, Tỉnh Hải Dương, Việt Nam"",
                        ""household_address"": """",
                        ""nationality"": """",
                        ""share_type"": """",
                        ""number_of_shares"": """",
                        ""share_value"": ""5.100.000.000 VND"",
                        ""proportion"": ""51"",
                        ""card_number"": ""142054399"",
                        ""note"": """",
                        ""dob"": """",
                        ""issue_date"": """",
                        ""issued_at"": """",
                        ""card_type"": """",
                        ""gender"": """",
                        ""representative_title"": """",
                        ""ethnicity"": """"
                    }
                ],
                ""classes_name_key_legal_representative"": [
                    {
                        ""order_number"": """",
                        ""person_name"": ""Trần Thị Xâm"",
                        ""representative_address"": ""Ô 10 Lô 12 Đền Lừ I, đường Hoàng Văn Thụ, Phường Hoàng Văn Thụ, Quận Hoàng Mai, Thành phố Hà Nội, Việt Nam"",
                        ""household_address"": ""Số 9, ngõ 3 Phúc Tân, Phường Phúc Tân, Quận Hoàn Kiếm, Thành phố Hà Nội, Việt Nam"",
                        ""nationality"": ""Việt Nam"",
                        ""share_type"": """",
                        ""number_of_shares"": """",
                        ""share_value"": """",
                        ""proportion"": """",
                        ""card_number"": ""013272649"",
                        ""note"": """",
                        ""dob"": ""13/07/1984"",
                        ""issue_date"": ""04/03/2010"",
                        ""issued_at"": ""Công an thành phố Hà Nội"",
                        ""card_type"": ""Giấy chứng minh nhân dân"",
                        ""gender"": ""Nữ"",
                        ""representative_title"": ""Giám đốc"",
                        ""ethnicity"": ""Kinh""
                    }
                ],
                ""classes_name_key_company_owner_info"": [],
                ""classes_name_company_branch"": []
            }
        }
    ],
    ""status"": 200,
    ""message"": ""thành công"",
    ""business_warning"": false,
    ""page_numbers"": 0,
    ""response_warning"": false,
    ""use_llm"": true
}",https://drive.google.com/file/d/15SbtlJBjmpaIpdRYN3WDgHPVV_jR5O7J/view?usp=drive_link
30,"{
    ""uuid"": ""5b039664-1fef-11f0-87bd-b8ca3af3851a"",
    ""results"": [
        {
            ""file_name"": ""5f287b74-75be-446c-b539-32e792cc65c7.pdf"",
            ""extract_data"": {
                ""classes_name_info_invoices"": {
                    ""registration_location"": ""Sở Kế hoạch và Đầu tư Thành phố Hà Nội"",
                    ""business_type"": ""Doanh nghiệp"",
                    ""business_code"": ""0100956399"",
                    ""business_regis_code"": """",
                    ""regis_date"": ""20/07/1999"",
                    ""date_of_change"": ""27/01/2022""
                },
                ""classes_name_info_company"": {
                    ""company_name"": ""Công ty CP Chứng khoán Bảo Việt"",
                    ""company_name_vi"": ""CÔNG TY CỔ PHẦN CHỨNG KHOÁN BẢO VIỆT"",
                    ""company_name_en"": ""BAO VIET SECURITIES JOINT STOCK COMPANY"",
                    ""short_name"": ""BVSC"",
                    ""company_address"": ""Tầng 1, 4 và 7 tòa nhà số 8 Lê Thái Tổ, Phường Hàng Trống, Quận Hoàn Kiếm, Thành phố Hà Nội, Việt Nam"",
                    ""company_phone"": ""(84-24)39288080"",
                    ""fax"": ""(84-24)39289888"",
                    ""email"": ""info-bvsc@baoviet.com.vn"",
                    ""website"": ""https://www.bvsc.com.vn"",
                    ""business_entity"": """",
                    ""business_field"": """",
                    ""business_field_id"": [],
                    ""authorized_capital"": ""722.339.370.000 đồng"",
                    ""authorized_capital_num"": ""722.339.370.000 đồng"",
                    ""authorized_capital_char"": ""Bảy trăm hai mươi hai tỷ ba trăm ba mươi chín triệu ba trăm bảy mươi nghìn đồng"",
                    ""par_value"": ""10.000 đồng"",
                    ""total_share"": ""72.233.937"",
                    ""shares_available_for_sale"": """"
                },
                ""classes_name_key_contributior"": [],
                ""classes_name_key_legal_representative"": [
                    {
                        ""order_number"": """",
                        ""person_name"": ""Nhữ Đình Hòa"",
                        ""representative_address"": ""Số 22, ngõ 186 phố Khương Trung, Phường Khương Trung, Quận Thanh Xuân, Thành phố Hà Nội, Việt Nam"",
                        ""household_address"": ""PA0603, chung cư Udic Riverside, số 122 đường Vĩnh Tuy, Phường Vĩnh Tuy, Quận Hai Bà Trưng, Thành phố Hà Nội, Việt Nam"",
                        ""nationality"": ""Việt Nam"",
                        ""share_type"": """",
                        ""number_of_shares"": """",
                        ""share_value"": """",
                        ""proportion"": """",
                        ""card_number"": ""030072002440"",
                        ""note"": """",
                        ""dob"": ""12/04/1972"",
                        ""issue_date"": ""01/04/2019"",
                        ""issued_at"": ""Cục Cảnh sát QLHC về TTXH"",
                        ""card_type"": ""Thẻ căn cước công dân"",
                        ""gender"": ""Nam"",
                        ""representative_title"": ""Tổng giám đốc"",
                        ""ethnicity"": ""Kinh""
                    }
                ],
                ""classes_name_key_company_owner_info"": [],
                ""classes_name_company_branch"": []
            }
        }
    ],
    ""status"": 200,
    ""message"": ""thành công"",
    ""business_warning"": false,
    ""page_numbers"": 0,
    ""response_warning"": false,
    ""use_llm"": true
}",https://drive.google.com/file/d/11DHX9lns1vRYSCAQ4rQ8bb9pfNOfZ_2K/view?usp=drive_link
31,"{
    ""uuid"": ""2a3c4e98-1ff1-11f0-87bd-b8ca3af3851a"",
    ""results"": [
        {
            ""file_name"": ""20180717_20180717--BVH--CBTT-GCNDKDN-thay-doi-lan-thu-12.pdf"",
            ""extract_data"": {
                ""classes_name_info_invoices"": {
                    ""registration_location"": ""Sở Kế hoạch và Đầu tư Thành phố Hà Nội Phòng đăng ký kinh doanh"",
                    ""business_type"": ""Doanh nghiệp"",
                    ""business_code"": ""0100111761"",
                    ""business_regis_code"": """",
                    ""regis_date"": ""15/10/2007"",
                    ""date_of_change"": ""11/07/2018""
                },
                ""classes_name_info_company"": {
                    ""company_name"": ""TẬP ĐOÀN BẢO VIỆT"",
                    ""company_name_vi"": ""TẬP ĐOÀN BẢO VIỆT"",
                    ""company_name_en"": ""BAOVIET HOLDINGS"",
                    ""short_name"": ""TẬP ĐOÀN BẢO VIỆT"",
                    ""company_address"": ""Số 72, phố Trần Hưng Đạo, Phường Trần Hưng Đạo, Quận Hoàn Kiếm, Thành phố Hà Nội, Việt Nam"",
                    ""company_phone"": ""392899999/9289898"",
                                        
                    ""fax"": ""39289609/9289610"",
                    ""email"": ""service@baoviet.com.vn"",
                    ""website"": """",
                    ""business_entity"": """",
                    ""business_field"": """",
                    ""business_field_id"": [],
                    ""authorized_capital"": ""7.008.864.340.000 đồng"",
                    ""authorized_capital_num"": ""7.008.864.340.000 đồng"",
                    ""authorized_capital_char"": ""Bảy nghìn không trăm lẻ tám tỷ tám trăm sáu mươi bốn triệu ba trăm bốn mươi nghìn đồng"",
                    ""par_value"": ""10.000 đồng"",
                    ""total_share"": ""700.886.434"",
                    ""shares_available_for_sale"": """"
                },
                ""classes_name_key_contributior"": [],
                ""classes_name_key_legal_representative"": [
                    {
                        ""order_number"": """",
                        ""person_name"": ""ĐỖ TRƯỜNG MINH"",
                        ""representative_address"": ""183 Bạch Mai, Phường Cầu Dền, Quận Hai Bà Trưng, Thành phố Hà Nội, Việt Nam"",
                        ""household_address"": ""Số 1710, Tòa nhà Park 1, Khu đô thị Times City, 458 Minh Khai, Phường Vĩnh Tuy, Quận Hai Bà Trưng, Thành phố Hà Nội, Việt Nam"",
                        ""nationality"": ""Việt Nam"",
                        ""share_type"": """",
                        ""number_of_shares"": """",
                        ""share_value"": """",
                        ""proportion"": """",
                        ""card_number"": ""031071001389"",
                        ""note"": """",
                        ""dob"": ""23/06/1971"",
                        ""issue_date"": ""30/09/2015"",
                        ""issued_at"": ""Cục Cảnh sát ĐKQL cư trú và DLQG về dân cư"",
                        ""card_type"": ""Chứng minh nhân dân"",
                        ""gender"": ""Nam"",
                        ""representative_title"": ""Tổng giám đốc"",
                        ""ethnicity"": ""Kinh""
                    }
                ],
                ""classes_name_key_company_owner_info"": [],
                ""classes_name_company_branch"": []
            }
        }
    ],
    ""status"": 200,
    ""message"": ""thành công"",
    ""business_warning"": false,
    ""page_numbers"": 0,
    ""response_warning"": false,
    ""use_llm"": true
}",https://drive.google.com/file/d/1mUvo9UesSC3_KBhkJFU4dbokLv3TV4Dt/view?usp=drive_link
32,"{
    ""uuid"": ""9ea86304-201c-11f0-87bd-b8ca3af3851a"",
    ""results"": [
        {
            ""file_name"": ""ROFADI.pdf"",
            ""extract_data"": {
                ""classes_name_info_invoices"": {
                    ""registration_location"": ""SỞ KẾ HOẠCH VÀ ĐẦU TƯ THÀNH PHỐ ĐÀ NẴNG Phòng đăng ký kinh doanh"",
                    ""business_type"": ""Doanh nghiệp"",
                    ""business_code"": ""0402080774"",
                    ""business_regis_code"": """",
                    ""regis_date"": ""25/01/2021"",
                    ""date_of_change"": ""20/03/2024""
                },
                ""classes_name_info_company"": {
                    ""company_name"": ""Công Ty TNHH Một Thành Viên Rofadi"",
                    ""company_name_vi"": ""CÔNG TY TNHH MỘT THÀNH VIÊN ROFADI"",
                    ""company_name_en"": ""ROFADI ONE MEMBER COMPANY LIMITED"",
                    ""short_name"": ""ROFADI CO., LTD"",
                    ""company_address"": ""Tầng 4, 76-78 Bạch Đằng, Phường Hải Châu I, Quận Hải Châu, Thành Phố Đà Nẵng, Việt Nam"",
                    ""company_phone"": ""0236.3737973"",
                    ""fax"": """",
                    ""email"": ""info@rofadi.com.vn"",
                    ""website"": ""rofadi.com.vn"",
                    ""business_entity"": """",
                    ""business_field"": """",
                    ""business_field_id"": [],
                    ""authorized_capital"": ""1.000.000.000 đồng"",
                    ""authorized_capital_num"": ""1.000.000.000 đồng"",
                    ""authorized_capital_char"": ""Một tỷ đồng"",
                    ""par_value"": """",
                    ""total_share"": """",
                    ""shares_available_for_sale"": """"
                },
                ""classes_name_key_contributior"": [],
                ""classes_name_key_legal_representative"": [
                                        {
                        ""order_number"": """",
                        ""person_name"": ""HUỲNH PHƯỚC HUYỀN VY"",
                        ""representative_address"": ""Việt Nam"",
                        ""household_address"": "" Đà Nẵng, Việt Nam"",
                        ""nationality"": ""Việt Nam"",
                        ""share_type"": """",
                        ""number_of_shares"": """",
                        ""share_value"": """",
                        ""proportion"": """",
                        ""card_number"": ""030072002440"",
                        ""note"": """",
                        ""dob"": ""11/05/1975"",
                        ""issue_date"": ""14/02/2022"",
                        ""issued_at"": ""Cục Cảnh sát quản lý hành chính về trật tự xã hội"",
                        ""card_type"": ""Thẻ căn cước công dân"",
                        ""gender"": ""Nữ"",
                        ""representative_title"": ""Chủ tịch công ty"",
                        ""ethnicity"": ""Kinh""
                    }
                                ],
                ""classes_name_key_company_owner_info"": [
                    {
                        ""order_number"": """",
                        ""person_name"": """",
                        ""representative_address"": """",
                        ""household_address"": """",
                        ""nationality"": """",
                        ""share_type"": """",
                        ""number_of_shares"": """",
                        ""share_value"": """",
                        ""proportion"": """",
                        ""card_number"": """",
                        ""note"": """",
                        ""dob"": """",
                        ""issue_date"": """",
                        ""issued_at"": """",
                        ""card_type"": """",
                        ""gender"": """",
                        ""representative_title"": """",
                        ""ethnicity"": """",
                        ""owner_organize_name"": ""Công Ty Cổ Phần Tập Đoàn Đầu Tư Din Capital"",
                        ""owner_organize_code"": ""0401333013"",
                        ""owner_organize_issue_date"": ""15/01/2024"",
                        ""owner_organize_issued_at"": ""Thành Phố Đà Nẵng"",
                        ""owner_organize_address"": ""Tầng 4, 76-78 Bạch Đằng, Phường Hải Châu I, Quận Hải Châu, Thành Phố Đà Nẵng, Việt Nam""
                    }
                ],
                ""classes_name_company_branch"": []
            }
        }
    ],
    ""status"": 200,
    ""message"": ""thành công"",
    ""business_warning"": false,
    ""page_numbers"": 0,
    ""response_warning"": false,
    ""use_llm"": true
}",https://drive.google.com/file/d/1QMjJrahrf8RTzORQNvV0kKA7cHOkbyn1/view?usp=sharing
33,"{
    ""uuid"": ""af4360ba-2021-11f0-87bd-b8ca3af3851a"",
    ""results"": [
        {
            ""file_name"": ""Xay dung Kontum.pdf"",
            ""extract_data"": {
                ""classes_name_info_invoices"": {
                    ""registration_location"": ""SỞ KẾ HOẠCH VÀ ĐẦU TƯ TỈNH KOM TUM Phòng đăng ký kinh doanh"",
                    ""business_type"": ""Doanh nghiệp"",
                    ""business_code"": ""6101298023"",
                    ""business_regis_code"": """",
                    ""regis_date"": ""21/06/2024"",
                    ""date_of_change"": """"
                },
                ""classes_name_info_company"": {
                    ""company_name"": ""CÔNG TY TNHH MỘT THÀNH VIÊN VẬT LIỆU XÂY DỰNG KONTUM"",
                    ""company_name_vi"": ""CÔNG TY TNHH MỘT THÀNH VIÊN VẬT LIỆU XÂY DỰNG KONTUM"",
                    ""company_name_en"": ""KONTUM CONSTRUCTION MATERIALS ONE MEMBER COMPANY LIMITED"",
                    ""short_name"": """",
                    ""company_address"": ""Thôn 2, Xã Kroong, Thành phố Kon Tum, Tỉnh Kon Tum, Việt Nam"",
                    ""company_phone"": ""0260.3854340"",
                    ""fax"": ""0260.3861929"",
                    ""email"": ""tuynelkontum@gmail.com"",
                    ""website"": """",
                    ""business_entity"": """",
                    ""business_field"": """",
                    ""business_field_id"": [],
                    ""authorized_capital"": ""60.000.000.000 đồng"",
                    ""authorized_capital_num"": ""60.000.000.000 đồng"",
                    ""authorized_capital_char"": ""Sáu mươi tỷ đồng"",
                    ""par_value"": """",
                    ""total_share"": """",
                    ""shares_available_for_sale"": """"
                },
                ""classes_name_key_contributior"": [],
                ""classes_name_key_legal_representative"": [
                                        {
                        ""order_number"": """",
                        ""person_name"": ""ĐẶNG QUỐC ĐĂNG"",
                        ""representative_address"": ""Thôn Nhân Lý, xã Chí Minh, huyện Tứ Kỳ, tỉnh Hải Dương,Việt Nam"",
                        ""household_address"": ""Thôn Nhân Lý, xã Chí Minh, huyện Tứ Kỳ, tỉnh Hải Dương,Việt Nam"",
                        ""nationality"": ""Việt Nam"",
                        ""share_type"": """",
                        ""number_of_shares"": """",
                        ""share_value"": """",
                        ""proportion"": """",
                        ""card_number"": ""030093000724"",
                        ""note"": """",
                        ""dob"": ""31/10/1993"",
                        ""issue_date"": ""04/04/2021"",
                        ""issued_at"": ""Cục Cảnh sát quản lý hành chính về trật tự xã hội"",
                        ""card_type"": ""Thẻ căn cước công dân"",
                        ""gender"": ""Nam"",
                        ""representative_title"": ""Giám đốc"",
                        ""ethnicity"": ""Kinh""
                    }
                                ],
                ""classes_name_key_company_owner_info"": [
                    {
                        ""order_number"": """",
                        ""person_name"": ""CÔNG TY CỔ PHẦN SẢN XUẤT VÀ CUNG ỨNG VẬT LIỆU XÂY DỰNG KONTUM"",
                        ""representative_address"": """",
                        ""household_address"": ""Thôn 2, Xã Kroong, Thành phố Kon Tum, Tỉnh Kon Tum, Việt Nam"",
                        ""nationality"": """",
                        ""share_type"": """",
                        ""number_of_shares"": """",
                        ""share_value"": """",
                        ""proportion"": """",
                        ""card_number"": """",
                        ""note"": """",
                        ""dob"": """",
                        ""issue_date"": """",
                        ""issued_at"": """",
                        ""card_type"": """",
                        ""gender"": """",
                        ""representative_title"": """",
                        ""ethnicity"": """",
                        ""owner_organize_name"": ""CÔNG TY CỔ PHẦN SẢN XUẤT VÀ CUNG ỨNG VẬT LIỆU XÂY DỰNG KONTUM"",
                        ""owner_organize_code"": ""6100102662"",
                        ""owner_organize_issue_date"": ""30/09/2022"",
                        ""owner_organize_issued_at"": ""tỉnh KonTum"",
                        ""owner_organize_address"": ""Thôn 2, Xã Kroong, Thành phố Kon Tum, Tỉnh Kon Tum, Việt Nam""
                    }
                ],
                ""classes_name_company_branch"": []
            }
        }
    ],
    ""status"": 200,
    ""message"": ""thành công"",
    ""business_warning"": false,
    ""page_numbers"": 0,
    ""response_warning"": false,
    ""use_llm"": true
}",https://drive.google.com/file/d/1Yb94IECz4SsBu8ZM9DXwe4Nqo7J-bEL3/view?usp=sharing
34,"{
    ""uuid"": ""a93190ce-2022-11f0-87bd-b8ca3af3851a"",
    ""results"": [
        {
            ""file_name"": ""Xay dung Visiland.pdf"",
            ""extract_data"": {
                ""classes_name_info_invoices"": {
                    ""registration_location"": ""Sở Kế hoạch và Đầu tư Thành phố Hà Nội Phòng đăng ký kinh doanh"",
                    ""business_type"": ""Doanh nghiệp"",
                    ""business_code"": ""0110006861"",
                    ""business_regis_code"": """",
                    ""regis_date"": ""24/05/2022"",
                    ""date_of_change"": """"
                },
                ""classes_name_info_company"": {
                    ""company_name"": ""CÔNG TY CỔ PHẦN ĐẦU TƯ VÀ XÂY DỰNG VISILAND"",
                    ""company_name_vi"": ""CÔNG TY CỔ PHẦN ĐẦU TƯ VÀ XÂY DỰNG VISILAND"",
                    ""company_name_en"": ""VISILAND INVESTMENT AND CONSTRUCTION JOINT STOCK COMPANY"",
                    ""short_name"": ""VISILAND"",
                    ""company_address"": ""Tầng 5, nhà 29T2 Hoàng Đạo Thúy, Phường Trung Hoà, Quận Cầu Giấy, Thành phố Hà Nội, Việt Nam"",
                    ""company_phone"": ""024.62513155"",
                    ""fax"": ""024.62513156"",
                    ""email"": """",
                    ""website"": """",
                    ""business_entity"": """",
                    ""business_field"": """",
                    ""business_field_id"": [],
                    ""authorized_capital"": ""30.000.000.000 đồng"",
                    ""authorized_capital_num"": ""30.000.000.000 đồng"",
                    ""authorized_capital_char"": ""Ba mươi tỷ đồng"",
                    ""par_value"": ""10.000 đồng"",
                    ""total_share"": ""3.000.000"",
                    ""shares_available_for_sale"": """"
                },
                ""classes_name_key_contributior"": [],
                ""classes_name_key_legal_representative"": [
                    {
                        ""order_number"": """",
                        ""person_name"": ""TRẦN THANH THỦY"",
                        ""representative_address"": ""P12-A15 Bắc Nghĩa Tân, Phường Nghĩa Tân, Quận Cầu Giấy, Thành phố Hà Nội, Việt Nam"",
                        ""household_address"": ""P12-A15 Bắc Nghĩa Tân, Phường Nghĩa Tân, Quận Cầu Giấy, Thành phố Hà Nội, Việt Nam"",
                        ""nationality"": ""Việt Nam"",
                        ""share_type"": """",
                        ""number_of_shares"": """",
                        ""share_value"": """",
                        ""proportion"": """",
                        ""card_number"": ""025079004073"",
                        ""note"": """",
                        ""dob"": ""22/10/1979"",
                        ""issue_date"": ""20/04/2021"",
                        ""issued_at"": ""Cục cảnh sát quản lý hành chính về trật tự xã hội"",
                        ""card_type"": ""Thẻ căn cước công dân"",
                        ""gender"": ""Nam"",
                        ""representative_title"": ""Giám đốc"",
                        ""ethnicity"": ""Kinh""
                    }
                ],
                ""classes_name_key_company_owner_info"": [],
                ""classes_name_company_branch"": []
            }
        }
    ],
    ""status"": 200,
    ""message"": ""thành công"",
    ""business_warning"": false,
    ""page_numbers"": 0,
    ""response_warning"": false,
    ""use_llm"": true
}",https://drive.google.com/file/d/12IroDk3c_qampOUBv3M6qH9wj3iytjOD/view?usp=sharing
35,"{
    ""uuid"": ""5ed2025a-2024-11f0-87bd-b8ca3af3851a"",
    ""results"": [
        {
            ""file_name"": ""bep thai binh duong.jpg"",
            ""extract_data"": {
                ""classes_name_info_invoices"": {
                    ""registration_location"": ""ỦY BAN NHÂN DÂN QUẬN 7 Phòng tài chính kế hoạch"",
                    ""business_type"": ""Hộ kinh doanh"",
                    ""business_code"": """",
                    ""business_regis_code"": ""41G8046504"",
                    ""regis_date"": ""30/08/2022"",
                    ""date_of_change"": """"
                },
                ""classes_name_info_company"": {
                    ""company_name"": ""HỘ KINH DOANH BẾP THÁI BÌNH DƯƠNG"",
                    ""company_name_vi"": """",
                    ""company_name_en"": """",
                    ""short_name"": """",
                    ""company_address"": ""522 Huỳnh Tấn Phát, phường Bình Thuận, Quận 7, Thành phố Hồ Chí Minh"",
                    ""company_phone"": ""096.55.76.882"",
                    ""fax"": """",
                    ""email"": """",
                    ""website"": """",
                    ""business_entity"": ""Cá nhân"",
                    ""business_field"": ""Bán bếp ga, quạt trần đèn, chậu vòi (cơ sở phải đảm bảo các điều kiện về phòng cháy chữa cháy)"",
                    ""business_field_id"": [],
                    ""authorized_capital"": ""50.000.000 đồng"",
                    ""authorized_capital_num"": ""50.000.000 đồng"",
                    ""authorized_capital_char"": ""Năm mươi triệu đồng"",
                    ""par_value"": """",
                    ""total_share"": """",
                    ""shares_available_for_sale"": """"
                },
                ""classes_name_key_contributior"": [],
                ""classes_name_key_legal_representative"": [],
                ""classes_name_key_company_owner_info"": [
                    {
                        ""order_number"": """",
                        ""person_name"": ""NGUYỄN NGỌC TOÁN"",
                        ""representative_address"": """",
                        ""household_address"": ""522 Huỳnh Tấn Phát, phường Bình Thuận, Quận 7, TP. Hồ Chí Minh"",
                        ""nationality"": ""Việt Nam"",
                        ""share_type"": """",
                        ""number_of_shares"": """",
                        ""share_value"": """",
                        ""proportion"": """",
                        ""card_number"": ""163001610"",
                        ""note"": """",
                        ""dob"": ""04/02/1990"",
                        ""issue_date"": ""15/01/2015"",
                        ""issued_at"": ""Công an tỉnh Nam Định"",
                        ""card_type"": ""Giấy chứng minh nhân dân"",
                        ""gender"": ""Nam"",
                        ""representative_title"": """",
                        ""ethnicity"": ""Kinh"",
                        ""owner_organize_name"": """",
                        ""owner_organize_code"": """",
                        ""owner_organize_issue_date"": """",
                        ""owner_organize_issued_at"": """",
                        ""owner_organize_address"": """"
                    }
                ],
                ""classes_name_company_branch"": []
            }
        }
    ],
    ""status"": 200,
    ""message"": ""thành công"",
    ""business_warning"": false,
    ""page_numbers"": 0,
    ""response_warning"": false,
    ""use_llm"": true
}",https://drive.google.com/file/d/1qhaa03bkrPmkR9IHzJ61Yz4g_VJU5pMR/view?usp=sharing
36,"{
    ""uuid"": ""c616baac-202c-11f0-87bd-b8ca3af3851a"",
    ""results"": [
        {
            ""file_name"": ""CP - TG.jpg"",
            ""extract_data"": {
                ""classes_name_info_invoices"": {
                    ""registration_location"": ""SỞ KẾ HOẠCH VÀ ĐẦU TƯ THÀNH PHỐ HỒ CHÍ MINH Phòng đăng ký kinh doanh"",
                    ""business_type"": ""Doanh nghiệp"",
                    ""business_code"": ""0318130321"",
                    ""business_regis_code"": """",
                    ""regis_date"": ""27/10/2023"",
                    ""date_of_change"": """"
                },
                ""classes_name_info_company"": {
                    ""company_name"": ""CÔNG TY CỔ PHẦN TẬP ĐOÀN CÔNG NGHỆ THÁNH GIÓNG"",
                    ""company_name_vi"": ""CÔNG TY CỔ PHẦN TẬP ĐOÀN CÔNG NGHỆ THÁNH GIÓNG"",
                    ""company_name_en"": ""THANH GIONG TECHNOLOGY GROUP JOINT STOCK COMPANY"",
                    ""short_name"": """",
                    ""company_address"": ""241A Chu Văn An, Phường 12, Quận Bình Thạnh, Thành phố Hồ Chí Minh, Việt Nam"",
                    ""company_phone"": ""0888727676"",
                    ""fax"": """",
                    ""email"": """",
                    ""website"": """",
                    ""business_entity"": """",
                    ""business_field"": """",
                    ""business_field_id"": [],
                    ""authorized_capital"": ""495.000.000.000 đồng"",
                    ""authorized_capital_num"": ""495.000.000.000 đồng"",
                    ""authorized_capital_char"": ""Bốn trăm chín mươi lăm tỷ đồng"",
                    ""par_value"": ""10.000 đồng"",
                    ""total_share"": ""49.500.000"",
                    ""shares_available_for_sale"": """"
                },
                ""classes_name_key_contributior"": [],
                ""classes_name_key_legal_representative"": [
                    {
                        ""order_number"": """",
                        ""person_name"": ""TRẦN BÌNH LUẬN"",
                        ""representative_address"": ""Xóm Thông Nhất, Xã Gia Lạc, Huyện Gia Viễn, Tỉnh Ninh Bình, Việt Nam"",
                        ""household_address"": ""Xóm Thông Nhất, Xã Gia Lạc, Huyện Gia Viễn, Tỉnh Ninh Bình, Việt Nam"",
                        ""nationality"": ""Việt Nam"",
                        ""share_type"": """",
                        ""number_of_shares"": """",
                        ""share_value"": """",
                        ""proportion"": """",
                        ""card_number"": ""037076001719"",
                        ""note"": """",
                        ""dob"": ""14/12/1976"",
                        ""issue_date"": ""04/06/2023"",
                        ""issued_at"": ""Cục Cảnh sát Quản lý hành chính về trật tự xã hội"",
                        ""card_type"": ""Thẻ căn cước công dân"",
                        ""gender"": ""Nam"",
                        ""representative_title"": ""Giám đốc"",
                        ""ethnicity"": ""Kinh""
                    }
                ],
                ""classes_name_key_company_owner_info"": [],
                ""classes_name_company_branch"": []
            }
        }
    ],
    ""status"": 200,
    ""message"": ""thành công"",
    ""business_warning"": false,
    ""page_numbers"": 0,
    ""response_warning"": false,
    ""use_llm"": true
}",https://drive.google.com/file/d/1IM0h2mJbKrqVdBg1vlDw7QXD33jg_WQb/view?usp=sharing
37,"{
    ""uuid"": ""332037f8-202e-11f0-87bd-b8ca3af3851a"",
    ""results"": [
        {
            ""file_name"": ""GPKD-CN_2.jpg"",
            ""extract_data"": {
                ""classes_name_info_invoices"": {
                    ""registration_location"": ""SỞ KẾ HOẠCH VÀ ĐẦU TƯ THÀNH PHỐ CẦN THƠ Phòng đăng ký kinh doanh"",
                    ""business_type"": """",
                    ""business_code"": ""1800155244-006"",
                    ""business_regis_code"": """",
                    ""regis_date"": ""03/06/2019"",
                    ""date_of_change"": """"
                },
                ""classes_name_info_company"": {
                    ""company_name"": ""CHI NHÁNH CẤP NƯỚC HƯNG PHÚ - CÔNG TY CỔ PHẦN CẤP THOÁT NƯỚC CẦN THƠ"",
                    ""company_name_vi"": """",
                    ""company_name_en"": """",
                    ""short_name"": """",
                    ""company_address"": ""52A2 Bùi Quang Trinh, KDC Phú An, Phường Phú Thứ, Quận Cái Răng, Thành phố Cần Thơ, Việt Nam"",
                    ""company_phone"": """",
                    ""fax"": """",
                    ""email"": """",
                    ""website"": """",
                    ""business_entity"": """",
                    ""business_field"": """",
                    ""business_field_id"": [],
                    ""authorized_capital"": """",
                    ""authorized_capital_num"": """",
                    ""authorized_capital_char"": """",
                    ""par_value"": """",
                    ""total_share"": """",
                    ""shares_available_for_sale"": """"
                },
                ""classes_name_key_contributior"": [],
                ""classes_name_key_legal_representative"": [
                    {
                        ""order_number"": """",
                        ""person_name"": ""PHẠM THANH VŨ"",
                        ""representative_address"": """",
                        ""household_address"": ""68T Tầm Vu, Phường Hưng Lợi, Quận Ninh Kiều, Thành phố Cần Thơ, Việt Nam"",
                        ""nationality"": ""Việt Nam"",
                        ""share_type"": """",
                        ""number_of_shares"": """",
                        ""share_value"": """",
                        ""proportion"": """",
                        ""card_number"": ""361897780"",
                        ""note"": """",
                        ""dob"": ""21/01/1978"",
                        ""issue_date"": ""14/02/2014"",
                        ""issued_at"": ""CA Cần Thơ"",
                        ""card_type"": ""Chứng minh nhân dân"",
                        ""gender"": ""Nam"",
                        ""representative_title"": """",
                        ""ethnicity"": ""Kinh""
                    }
                ],
                ""classes_name_key_company_owner_info"": [
                                        {
                        ""order_number"": """",
                        ""person_name"": """",
                        ""representative_address"": """",
                        ""household_address"": """",
                        ""nationality"": """",
                        ""share_type"": """",
                        ""number_of_shares"": """",
                        ""share_value"": """",
                        ""proportion"": """",
                        ""card_number"": """",
                        ""note"": """",
                        ""dob"": """",
                        ""issue_date"": """",
                        ""issued_at"": """",
                        ""card_type"": """",
                        ""gender"": """",
                        ""representative_title"": """",
                        ""ethnicity"": """",
                        ""owner_organize_name"": ""CÔNG TY CỔ PHẦN CẤP THOÁT NƯỚC CẦN THƠ"",
                        ""owner_organize_code"": ""1800155244"",
                        ""owner_organize_issue_date"": """",
                        ""owner_organize_issued_at"": """",
                        ""owner_organize_address"": ""2A, Nguyễn Trãi, Phường An Hội, Quận Ninh Kiều, Thành phố Cần Thơ, Việt Nam""
                    }
                                ],
                ""classes_name_company_branch"": []
            }
        }
    ],
    ""status"": 200,
    ""message"": ""thành công"",
    ""business_warning"": false,
    ""page_numbers"": 0,
    ""response_warning"": false,
    ""use_llm"": true
}",https://drive.google.com/file/d/1KQzl875xj6dyV4sJ_nov3E9Px7u8tAtr/view?usp=sharing
38,"{
    ""uuid"": ""a54264ec-20aa-11f0-b00f-b8ca3af3851a"",
    ""results"": [
        {
            ""file_name"": ""GPKD-CN_4.jpg"",
            ""extract_data"": {
                ""classes_name_info_invoices"": {
                    ""registration_location"": ""Sở Kế Hoạch Và Đầu Tư Thành Phố Đà Nẵng Phòng đăng ký kinh doanh"",
                    ""business_type"": ""Doanh nghiệp"",
                    ""business_code"": ""4201719987-001"",
                    ""business_regis_code"": """",
                    ""regis_date"": ""06/02/2023"",
                    ""date_of_change"": ""23/05/2023""
                },
                ""classes_name_info_company"": {
                    ""company_name"": ""CÔNG TY TNHH KIỂM TOÁN VÀ TƯ VẤN THUẾ SEATAX - CHI NHÁNH ĐÀ NẴNG"",
                    ""company_name_vi"": """",
                    ""company_name_en"": ""SEATAX AUDITING AND TAX CONSULTING CO., LTD - DA NANG BRANCH"",
                    ""short_name"": """",
                    ""company_address"": ""Tầng 1, Tòa nhà Cường Thịnh, Số 276 - 282 Đường 2/9, Phường Hòa Cường Bắc, Quận Hải Châu, Thành phố Đà Nẵng, Việt Nam"",
                    ""company_phone"": ""0942504343"",
                    ""fax"": """",
                    ""email"": """",
                    ""website"": """",
                    ""business_entity"": """",
                    ""business_field"": """",
                    ""business_field_id"": [],
                    ""authorized_capital"": """",
                    ""authorized_capital_num"": """",
                    ""authorized_capital_char"": """",
                    ""par_value"": """",
                    ""total_share"": """",
                    ""shares_available_for_sale"": """"
                },
                ""classes_name_key_contributior"": [],
                ""classes_name_key_legal_representative"": [
                    {
                        ""order_number"": """",
                        ""person_name"": ""NGÔ LÊ PHƯƠNG KHÁNH"",
                        ""representative_address"": """",
                        ""household_address"": """",
                        ""nationality"": ""Việt Nam"",
                        ""share_type"": """",
                        ""number_of_shares"": """",
                        ""share_value"": """",
                        ""proportion"": """",
                        ""card_number"": ""048195005413"",
                        ""note"": """",
                        ""dob"": ""26/11/1995"",
                        ""issue_date"": ""29/05/2021"",
                        ""issued_at"": ""Cục cảnh sát quản lý hành chính về trật tự xã hội"",
                        ""card_type"": ""Thẻ căn cước công dân"",
                        ""gender"": ""Nữ"",
                        ""representative_title"": """",
                        ""ethnicity"": ""Kinh""
                    }
                ],
                ""classes_name_key_company_owner_info"": [
                                        {
                        ""order_number"": """",
                        ""person_name"": """",
                        ""representative_address"": """",
                        ""household_address"": """",
                        ""nationality"": """",
                        ""share_type"": """",
                        ""number_of_shares"": """",
                        ""share_value"": """",
                        ""proportion"": """",
                        ""card_number"": """",
                        ""note"": """",
                        ""dob"": """",
                        ""issue_date"": """",
                        ""issued_at"": """",
                        ""card_type"": """",
                        ""gender"": """",
                        ""representative_title"": """",
                        ""ethnicity"": """",
                        ""owner_organize_name"": ""CÔNG TY TNHH KIỂM TOÁN VÀ TƯ VẤN THUẾ SEATAX"",
                        ""owner_organize_code"": ""4201719987"",
                        ""owner_organize_issue_date"": """",
                        ""owner_organize_issued_at"": """",
                        ""owner_organize_address"": ""STH 09.18 đường 5B, KĐT Lê Hồng Phong 2, Phường Phước Hải, Thành phố Nha Trang, Tỉnh Khánh Hòa, Việt Nam""
                    }
                                ],
                ""classes_name_company_branch"": []
            }
        }
    ],
    ""status"": 200,
    ""message"": ""thành công"",
    ""business_warning"": false,
    ""page_numbers"": 0,
    ""response_warning"": false,
    ""use_llm"": true
}",https://drive.google.com/file/d/1Muyx2hRVDorfMPqR0vdJSUbzS7CZYiZx/view?usp=sharing
39,"{
    ""uuid"": ""3cba0d04-20ae-11f0-b00f-b8ca3af3851a"",
    ""results"": [
        {
            ""file_name"": ""GPKD-CN_6.jpg"",
            ""extract_data"": {
                ""classes_name_info_invoices"": {
                    ""registration_location"": ""SỞ KẾ HOẠCH VÀ ĐẦU TƯ TỈNH ĐỒNG NAI Phòng đăng ký kinh doanh"",
                    ""business_type"": """",
                    ""business_code"": ""3702236763-001"",
                    ""business_regis_code"": """",
                    ""regis_date"": ""03/09/2015"",
                    ""date_of_change"": ""21/10/2015""
                },
                ""classes_name_info_company"": {
                    ""company_name"": ""CÔNG TY CỔ PHẦN ĐẦU TƯ PHÁT TRIỂN TRUNG HIẾU"",
                    ""company_name_vi"": """",
                    ""company_name_en"": """",
                    ""short_name"": """",
                    ""company_address"": ""Tổ 1, Ấp Bình Chánh, Xã Tân An, Huyện Vĩnh Cửu, Tỉnh Đồng Nai, Việt Nam"",
                    ""company_phone"": ""0979.883973"",
                    ""fax"": """",
                    ""email"": ""trunghieucorporation@gmail.com"",
                    ""website"": ""www.gachkhongnungtrunghieu"",
                    ""business_entity"": """",
                    ""business_field"": """",
                    ""business_field_id"": [],
                    ""authorized_capital"": """",
                    ""authorized_capital_num"": """",
                    ""authorized_capital_char"": """",
                    ""par_value"": """",
                    ""total_share"": """",
                    ""shares_available_for_sale"": """"
                },
                ""classes_name_key_contributior"": [],
                ""classes_name_key_legal_representative"": [],
                ""classes_name_key_company_owner_info"": [{
                        ""order"": """",
                        ""person_name"": """",
                        ""owner_organize_name"": ""CÔNG TY CỔ PHẦN ĐẦU TƯ PHÁT TRIỂN TRUNG HIẾU"",
                        ""owner_organize_address"": ""Số 220/64B, Huỳnh Văn Lũy, khu phố 7, Phường Phú Lợi, Thành phố Thủ Dầu Một, Tỉnh BÌnh DƯơng, Việt Nam"",
                        ""owner_organize_code"": ""3702236763""
                    }],
                ""classes_name_company_branch"": [
                    
                ]
            }
        }
    ],
    ""status"": 200,
    ""message"": ""thành công"",
    ""business_warning"": false,
    ""page_numbers"": 0,
    ""response_warning"": false,
    ""use_llm"": true
}",https://drive.google.com/file/d/1g7ppmawE4SPfZyh0S_BoaMmVjHSFHcF5/view?usp=sharing
40,"{
    ""uuid"": ""3e7b3f66-20b1-11f0-b00f-b8ca3af3851a"",
    ""results"": [
        {
            ""file_name"": ""GPKD-CN3.jpg"",
            ""extract_data"": {
                ""classes_name_info_invoices"": {
                    ""registration_location"": ""Sở Kế Hoạch Và Đầu Tư Thành Phố Cần Thơ Phòng đăng ký kinh doanh"",
                    ""business_type"": ""Doanh nghiệp"",
                    ""business_code"": ""1800155244-012"",
                    ""business_regis_code"": """",
                    ""regis_date"": ""14/01/2005"",
                    ""date_of_change"": ""05/06/2019""
                },
                ""classes_name_info_company"": {
                    ""company_name"": ""CHI NHÁNH CÔNG TY CỔ PHẦN CẤP THOÁT NƯỚC CẦN THƠ - NHÀ MÁY NƯỚC HƯNG PHÚ"",
                    ""company_name_vi"": """",
                    ""company_name_en"": """",
                    ""short_name"": """",
                    ""company_address"": ""Khu vực Thạnh Hòa, Phường Phú Thứ, Quận Cái Răng, Thành phố Cần Thơ, Việt Nam"",
                    ""company_phone"": ""02923.736.232"",
                    ""fax"": """",
                    ""email"": ""ctncantho@gmail.com"",
                    ""website"": ""www.ctn-cantho.com.vn"",
                    ""business_entity"": """",
                    ""business_field"": """",
                    ""business_field_id"": [],
                    ""authorized_capital"": """",
                    ""authorized_capital_num"": """",
                    ""authorized_capital_char"": """",
                    ""par_value"": """",
                    ""total_share"": """",
                    ""shares_available_for_sale"": """"
                },
                ""classes_name_key_contributior"": [],
                ""classes_name_key_legal_representative"": [
                    {
                        ""order_number"": """",
                        ""person_name"": ""NGUYỄN THANH MỪNG"",
                        ""representative_address"": ""57A đường 3/2, Phường Xuân Khánh, Quận Ninh Kiều, Thành phố Cần Thơ, Việt Nam"",
                        ""household_address"": ""57A đường 3/2, Phường Xuân Khánh, Quận Ninh Kiều, Thành phố Cần Thơ, Việt Nam"",
                        ""nationality"": ""Việt Nam"",
                        ""share_type"": """",
                        ""number_of_shares"": """",
                        ""share_value"": """",
                        ""proportion"": """",
                        ""card_number"": ""093064000042"",
                        ""note"": """",
                        ""dob"": ""14/04/1964"",
                        ""issue_date"": ""08/07/2016"",
                        ""issued_at"": ""Cục cảnh sát ĐKQL cư trú và DLQG về dân cư"",
                        ""card_type"": ""Thẻ căn cước công dân"",
                        ""gender"": ""Nam"",
                        ""representative_title"": """",
                        ""ethnicity"": ""Kinh""
                    }
                ],
                ""classes_name_key_company_owner_info"": [ {
                        ""order"": """",
                        ""person_name"": """",
                        ""owner_organize_name"": ""CÔNG TY CỔ PHẦN CẤP THOÁT NƯỚC CẦN THƠ - NHÀ MÁY NƯỚC HƯNG PHÚ"",
                        ""owner_organize_address"": ""2A Nguyễn Trãi, phường An Hội, quận Ninh Kiều, thành phố Cần Thơ, Việt Nam"",
                        ""owner_organize_code"": ""1800155244-012""
                    }],
                ""classes_name_company_branch"": [
                   
                ]
            }
        }
    ],
    ""status"": 200,
    ""message"": ""thành công"",
    ""business_warning"": false,
    ""page_numbers"": 0,
    ""response_warning"": false,
    ""use_llm"": true
}",https://drive.google.com/file/d/1tH91WYqEnK1Br1Zw2Zv7CFjhqPLAyuwA/view?usp=sharing
41,"{
    ""uuid"": ""ba9ede9e-20b2-11f0-b00f-b8ca3af3851a"",
    ""results"": [
        {
            ""file_name"": ""GPKD-CTC.jpg"",
            ""extract_data"": {
                ""classes_name_info_invoices"": {
                    ""registration_location"": ""SỞ KẾ HOẠCH VÀ ĐẦU TƯ THÀNH PHỐ HỒ CHÍ MINH Phòng đăng ký kinh doanh"",
                    ""business_type"": """",
                    ""business_code"": ""0301307933-007"",
                    ""business_regis_code"": """",
                    ""regis_date"": ""06/07/2006"",
                    ""date_of_change"": ""21/06/2017""
                },
                ""classes_name_info_company"": {
                    ""company_name"": ""Chi Nhánh Công Ty Cổ Phần Xuất Nhập Khẩu Và Đầu Tư Chợ Lớn (Cholimex) - Trung Tâm Thương Mại Cholimex"",
                    ""company_name_vi"": """",
                    ""company_name_en"": ""Branch of Cho Lon Investment and Import Export Corporation (Cholimex) - Cholimex Trading Center"",
                    ""short_name"": ""Trung Tâm CTC"",
                    ""company_address"": ""631 Nguyễn Trãi, Phường 11, Quận 5, Thành phố Hồ Chí Minh, Việt Nam"",
                    ""company_phone"": """",
                    ""fax"": """",
                    ""email"": """",
                    ""website"": """",
                    ""business_entity"": """",
                    ""business_field"": """",
                    ""business_field_id"": [],
                    ""authorized_capital"": """",
                    ""authorized_capital_num"": """",
                    ""authorized_capital_char"": """",
                    ""par_value"": """",
                    ""total_share"": """",
                    ""shares_available_for_sale"": """"
                },
                ""classes_name_key_contributior"": [],
                ""classes_name_key_legal_representative"": [
                    {
                        ""order_number"": """",
                        ""person_name"": ""Phạm Văn Hùng"",
                        ""representative_address"": ""Số 34/1B, đường 36, khu phố 8, Phường Linh Đông, Quận Thủ Đức, Thành phố Hồ Chí Minh, Việt Nam"",
                        ""household_address"": ""Số 34/1B, đường 36, khu phố 8, Phường Linh Đông, Quận Thủ Đức, Thành phố Hồ Chí Minh, Việt Nam"",
                        ""nationality"": ""Việt Nam"",
                        ""share_type"": """",
                        ""number_of_shares"": """",
                        ""share_value"": """",
                        ""proportion"": """",
                        ""card_number"": ""021782743"",
                        ""note"": """",
                        ""dob"": ""30/10/1958"",
                        ""issue_date"": ""02/06/2005"",
                        ""issued_at"": ""Công an thành phố Hồ Chí Minh"",
                        ""card_type"": ""Chứng minh nhân dân"",
                        ""gender"": ""Nam"",
                        ""representative_title"": """",
                        ""ethnicity"": ""Kinh""
                    }
                ],
                ""classes_name_key_company_owner_info"": [{
                        ""order"": """",
                        ""person_name"": """",
                        ""owner_organize_name"": ""Công Ty Cổ Phần Xuất Nhập Khẩu Và Đầu Tư Chợ Lớn (Cholimex)"",
                        ""owner_organize_address"": ""631 Nguyễn Trãi, Phường 11, Quận 5, Thành phố Hồ Chí Minh, Việt Nam"",
                        ""owner_organize_code"": ""0301307933""
                    }],
                ""classes_name_company_branch"": [
                    
                ]
            }
        }
    ],
    ""status"": 200,
    ""message"": ""thành công"",
    ""business_warning"": false,
    ""page_numbers"": 0,
    ""response_warning"": false,
    ""use_llm"": true
}",https://drive.google.com/file/d/1SrecfcHeEOeuEEvcllWcCChzDUGL4hY1/view?usp=sharing
42,"{
    ""uuid"": ""2895a792-20be-11f0-b00f-b8ca3af3851a"",
    ""results"": [
        {
            ""file_name"": ""MC2 - TNHH 2TV 1.png"",
            ""extract_data"": {
                ""classes_name_info_invoices"": {
                    ""registration_location"": ""Sở Kế Hoạch Và Đầu Tư Thành Phố Hồ Chí Minh Phòng đăng ký kinh doanh"",
                    ""business_type"": ""Doanh nghiệp"",
                    ""business_code"": ""0315379303"",
                    ""business_regis_code"": """",
                    ""regis_date"": ""12/11/2018"",
                    ""date_of_change"": ""25/01/2019""
                },
                ""classes_name_info_company"": {
                    ""company_name"": ""CÔNG TY TNHH ĐẦU TƯ MCM"",
                    ""company_name_vi"": ""CÔNG TY TNHH ĐẦU TƯ MCM"",
                    ""company_name_en"": ""MCM INVESTMENT COMPANY LIMITED"",
                    ""short_name"": ""MCM INVESTMENT CO., LTD"",
                    ""company_address"": ""150/5 Bưng Ông Thoàn, Phường Phú Hữu, Quận 9, Thành phố Hồ Chí Minh, Việt Nam"",
                    ""company_phone"": ""0906 359 477"",
                    ""fax"": """",
                    ""email"": """",
                    ""website"": """",
                    ""business_entity"": """",
                    ""business_field"": """",
                    ""business_field_id"": [],
                    ""authorized_capital"": ""30.000.000.000 đồng"",
                    ""authorized_capital_num"": ""30.000.000.000 đồng"",
                    ""authorized_capital_char"": ""Ba mươi tỷ đồng"",
                    ""par_value"": """",
                    ""total_share"": """",
                    ""shares_available_for_sale"": """"
                },
                ""classes_name_key_contributior"": [
                    {
                        ""order_number"": ""1"",
                        ""person_name"": ""NGUYỄN QUỐC VIỆT"",
                        ""representative_address"": ""53B Tổ 28, Khu phố 7, Phường Long Bình, Thành phố Biên Hòa, Tỉnh Đồng Nai, Việt Nam"",
                        ""household_address"": """",
                        ""nationality"": """",
                        ""share_type"": """",
                        ""number_of_shares"": """",
                        ""share_value"": ""18.000.000.000"",
                        ""proportion"": ""60"",
                        ""card_number"": ""321271163"",
                        ""note"": """",
                        ""dob"": """",
                        ""issue_date"": """",
                        ""issued_at"": """",
                        ""card_type"": """",
                        ""gender"": """",
                        ""representative_title"": """",
                        ""ethnicity"": """"
                    },
                    {
                        ""order_number"": ""2"",
                        ""person_name"": ""NGUYỄN THANH TRIỀU"",
                        ""representative_address"": ""Đức Mỹ, Xã Suối Nghệ, Huyện Châu Đức, Tỉnh Bà Rịa - Vũng Tàu, Việt Nam"",
                        ""household_address"": """",
                        ""nationality"": """",
                        ""share_type"": """",
                        ""number_of_shares"": """",
                        ""share_value"": ""7.500.000.000"",
                        ""proportion"": ""25"",
                        ""card_number"": ""273280842"",
                        ""note"": """",
                        ""dob"": """",
                        ""issue_date"": """",
                        ""issued_at"": """",
                        ""card_type"": """",
                        ""gender"": """",
                        ""representative_title"": """",
                        ""ethnicity"": """"
                    },
                    {
                        ""order_number"": ""3"",
                        ""person_name"": ""NGUYỄN CÔNG ĐỊNH"",
                        ""representative_address"": ""Đội 2, Phú Bình, Xã Tịnh Châu, Thành phố Quảng Ngãi, Tỉnh Quảng Ngãi, Việt Nam"",
                        ""household_address"": """",
                        ""nationality"": """",
                        ""share_type"": """",
                        ""number_of_shares"": """",
                        ""share_value"": ""4.500.000.000"",
                        ""proportion"": ""15"",
                        ""card_number"": ""212767773"",
                        ""note"": """",
                        ""dob"": """",
                        ""issue_date"": """",
                        ""issued_at"": """",
                        ""card_type"": """",
                        ""gender"": """",
                        ""representative_title"": """",
                        ""ethnicity"": """"
                    }
                ],
                ""classes_name_key_legal_representative"": [
                    {
                        ""order_number"": """",
                        ""person_name"": ""NGUYỄN QUỐC VIỆT"",
                        ""representative_address"": ""53B Tổ 28, Khu phố 7, Phường Long Bình, Thành phố Biên Hòa, Tỉnh Đồng Nai, Việt Nam"",
                        ""household_address"": ""53B Tổ 28, Khu phố 7, Phường Long Bình, Thành phố Biên Hòa, Tỉnh Đồng Nai, Việt Nam"",
                        ""nationality"": ""Việt Nam"",
                        ""share_type"": """",
                        ""number_of_shares"": """",
                        ""share_value"": """",
                        ""proportion"": """",
                        ""card_number"": ""321271163"",
                        ""note"": """",
                        ""dob"": ""29/09/1987"",
                        ""issue_date"": ""28/06/2007"",
                        ""issued_at"": ""Công an Tỉnh Bến Tre"",
                        ""card_type"": ""Chứng minh nhân dân"",
                        ""gender"": ""Nam"",
                        ""representative_title"": ""Giám đốc"",
                        ""ethnicity"": ""Kinh""
                    }
                ],
                ""classes_name_key_company_owner_info"": [],
                ""classes_name_company_branch"": []
            }
        }
    ],
    ""status"": 200,
    ""message"": ""thành công"",
    ""business_warning"": false,
    ""page_numbers"": 0,
    ""response_warning"": false,
    ""use_llm"": true
}",https://drive.google.com/file/d/1GHRXEuUg1lzLhG6W80vklFNDUIo2wVw2/view?usp=sharing
43,"{
    ""uuid"": ""b06a3846-20e0-11f0-b0fa-b8ca3af3851a"",
    ""results"": [
        {
            ""file_name"": ""TNHH MTV KHANG 1.png"",
            ""extract_data"": {
                ""classes_name_info_invoices"": {
                    ""registration_location"": ""SỞ KẾ HOẠCH VÀ ĐẦU TƯ TỈNH BÌNH ĐỊNH Phòng đăng ký kinh doanh"",
                    ""business_type"": ""Doanh nghiệp"",
                    ""business_code"": ""4101409519"",
                    ""business_regis_code"": """",
                    ""regis_date"": ""24/07/2013"",
                    ""date_of_change"": ""15/06/2023""
                },
                ""classes_name_info_company"": {
                    ""company_name"": ""CÔNG TY TNHH MỘT THÀNH VIÊN KHANG TÙNG"",
                    ""company_name_vi"": ""CÔNG TY TNHH MỘT THÀNH VIÊN KHANG TÙNG"",
                    ""company_name_en"": ""KHIANGTUNG CO., LTD."",
                    ""short_name"": ""CÔNG TY TNHH MTV KHANG TÙNG"",
                    ""company_address"": ""Tổ 3, Khu vực 3, Phường Nhơn Phú, Thành phố Quy Nhơn, Tỉnh Bình Định, Việt Nam"",
                    ""company_phone"": ""056.6536 676"",
                    ""fax"": """",
                    ""email"": ""khangtungphat@gmail.com"",
                    ""website"": """",
                    ""business_entity"": """",
                    ""business_field"": """",
                    ""business_field_id"": [],
                    ""authorized_capital"": ""18.000.000.000 đồng"",
                    ""authorized_capital_num"": ""18.000.000.000 đồng"",
                    ""authorized_capital_char"": ""Mười tám tỷ đồng"",
                    ""par_value"": """",
                    ""total_share"": """",
                    ""shares_available_for_sale"": """"
                },
                ""classes_name_key_contributior"": [],
                ""classes_name_key_legal_representative"": [
                    {
                        ""order_number"": """",
                        ""person_name"": ""VÕ NGỌC TÙNG"",
                        ""representative_address"": ""Tổ 3, Khu vực 3, Phường Nhơn Phú, Thành phố Quy Nhơn, Tỉnh Bình Định, Việt Nam"",
                        ""household_address"": ""Tổ 3, Khu vực 3, Phường Nhơn Phú, Thành phố Quy Nhơn, Tỉnh Bình Định, Việt Nam"",
                        ""nationality"": ""Việt Nam"",
                        ""share_type"": """",
                        ""number_of_shares"": """",
                        ""share_value"": """",
                        ""proportion"": """",
                        ""card_number"": ""215031357"",
                        ""note"": """",
                        ""dob"": ""22/03/1983"",
                        ""issue_date"": ""24/12/2011"",
                        ""issued_at"": ""Công an tỉnh Bình Định"",
                        ""card_type"": ""Chứng minh nhân dân"",
                        ""gender"": ""Nam"",
                        ""representative_title"": ""Giám đốc"",
                        ""ethnicity"": ""Kinh""
                    }
                ],
                ""classes_name_key_company_owner_info"": [
                    {
                        ""order_number"": """",
                        ""person_name"": ""VÕ NGỌC TÙNG"",
                        ""representative_address"": ""Tổ 3, Khu vực 3, Phường Nhơn Phú, Thành phố Quy Nhơn, Tỉnh Bình Định, Việt Nam"",
                        ""household_address"": ""Tổ 3, Khu vực 3, Phường Nhơn Phú, Thành phố Quy Nhơn, Tỉnh Bình Định, Việt Nam"",
                        ""nationality"": ""Việt Nam"",
                        ""share_type"": """",
                        ""number_of_shares"": """",
                        ""share_value"": """",
                        ""proportion"": """",
                        ""card_number"": ""215031357"",
                        ""note"": """",
                        ""dob"": ""22/03/1983"",
                        ""issue_date"": ""24/12/2011"",
                        ""issued_at"": ""Công an tỉnh Bình Định"",
                        ""card_type"": ""Chứng minh nhân dân"",
                        ""gender"": ""Nam"",
                        ""representative_title"": """",
                        ""ethnicity"": ""Kinh"",
                        ""owner_organize_name"": """",
                        ""owner_organize_code"": """",
                        ""owner_organize_issue_date"": """",
                        ""owner_organize_issued_at"": """",
                        ""owner_organize_address"": """"
                    }
                ],
                ""classes_name_company_branch"": []
            }
        }
    ],
    ""status"": 200,
    ""message"": ""thành công"",
    ""business_warning"": false,
    ""page_numbers"": 0,
    ""response_warning"": false,
    ""use_llm"": true
}",https://drive.google.com/file/d/1fqUP-Bh09fexU2CLHiTI64IAKVekoZv6/view?usp=sharing
44,"{
    ""uuid"": ""c1f3d3c6-20e3-11f0-b0fa-b8ca3af3851a"",
    ""results"": [
        {
            ""file_name"": ""20150326_20150326 - HAI - Thay Doi Giay DKKD Lan Thu 13.pdf"",
            ""extract_data"": {
                ""classes_name_info_invoices"": {
                    ""registration_location"": ""Sở Kế Hoạch và Đầu Tư Thành Phố Hồ Chí Minh Phòng đăng ký kinh doanh"",
                    ""business_type"": ""Doanh nghiệp"",
                    ""business_code"": ""0301242080"",
                    ""business_regis_code"": """",
                    ""regis_date"": ""07/02/2005"",
                    ""date_of_change"": ""25/03/2015""
                },
                ""classes_name_info_company"": {
                    ""company_name"": ""CÔNG TY CỔ PHẦN NÔNG DƯỢC HAI"",
                    ""company_name_vi"": ""CÔNG TY CỔ PHẦN NÔNG DƯỢC HAI"",
                    ""company_name_en"": ""HAI AGROCHEM JOINT STOCK COMPANY"",
                    ""short_name"": ""HAI JSC"",
                    ""company_address"": ""28 Mạc Đĩnh Chi, Phường Đa Kao, Quận 1, Thành phố Hồ Chí Minh, Việt Nam"",
                    ""company_phone"": ""8244975-8231514-8292805"",
                    ""fax"": ""8221484-8297579"",
                    ""email"": """",
                    ""website"": """",
                    ""business_entity"": """",
                    ""business_field"": ""Sản xuất hoá chất cơ bản, Bán buôn chuyên doanh khác chưa được phân vào đâu, Sản xuất phân bón và hợp chất ni tơ, Nhân và chăm sóc cây giống nông nghiệp, Bán buôn nông, lâm sản nguyên liệu và động vật sống, Sản xuất thuốc trừ sâu và sản phẩm hoá chất khác dùng trong nông nghiệp, Trồng lúa, Trồng ngô và cây lương thực có hạt khác, Trồng cây lấy sợi, Trồng cây có hạt chứa dầu, Trồng rau, đậu các loại và trồng hoa, cây cảnh, Trồng cây ăn quả, Trồng cây điều, Trồng hồ tiêu, Trồng cà phê, Trồng cây gia vị, cây dược liệu, Hoạt động dịch vụ trồng trọt, Kinh doanh bất động sản, quyền sử dụng đất thuộc chủ sở hữu, chủ sử dụng hoặc đi thuê, Cho thuê máy móc, thiết bị và đồ dùng hữu hình khác, Cho thuê xe có động cơ, Quảng cáo, Nghiên cứu thị trường và thăm dò dư luận, Tổ chức giới thiệu và xúc tiến thương mại, Doanh nghiệp có vốn đầu tư nước ngoài có trách nhiệm thực hiện thủ tục đầu tư theo quy định của Luật Đầu tư và Pháp luật có liên quan"",
                    ""business_field_id"": [
                        ""2011"",
                        ""4669"",
                        ""2012"",
                        ""0130"",
                        ""4620"",
                        ""2021"",
                        ""0111"",
                        ""0112"",
                        ""0116"",
                        ""0117"",
                        ""0118"",
                        ""0121"",
                        ""0123"",
                        ""0124"",
                        ""0126"",
                        ""0128"",
                        ""0161"",
                        ""6810"",
                        ""7730"",
                        ""7710"",
                        ""7310"",
                        ""7320"",
                        ""8230""
                    ],
                    ""authorized_capital"": ""869.999.550.000 đồng"",
                    ""authorized_capital_num"": ""869.999.550.000 đồng"",
                    ""authorized_capital_char"": ""Tám trăm sáu mươi chín tỷ chín trăm chín mươi chín triệu năm trăm năm mươi nghìn đồng"",
                    ""par_value"": ""10.000 đồng"",
                    ""total_share"": ""86.999.955"",
                    ""shares_available_for_sale"": ""0""
                },
                ""classes_name_key_contributior"": [
                    {
                        ""order_number"": ""1"",
                        ""person_name"": ""Đại diện vốn Nhà nước (Đặng Thanh Cương, Phạm Văn Hưng)"",
                        ""representative_address"": ""M08 Khu Phố 7, Phường An Lạc A, Quận Bình Tân, 202B - D5 Phường Phương Mai, Quận Đống Đa, TP Hà Nội, Việt Nam"",
                        ""household_address"": """",
                        ""nationality"": """",
                        ""share_type"": ""Cổ phần phổ thông"",
                        ""number_of_shares"": ""6.900.000"",
                        ""share_value"": ""69.000.000.000"",
                        ""proportion"": ""46"",
                        ""card_number"": """",
                        ""note"": """",
                        ""dob"": """",
                        ""issue_date"": """",
                        ""issued_at"": """",
                        ""card_type"": """",
                        ""gender"": """",
                        ""representative_title"": """",
                        ""ethnicity"": """"
                    },
                    {
                        ""order_number"": ""2"",
                        ""person_name"": ""Nguyễn Công Chiến"",
                        ""representative_address"": ""160/1/28 Xô Viết Nghệ Tĩnh, Phường 21, Quận Bình Thạnh, Việt Nam"",
                        ""household_address"": """",
                        ""nationality"": """",
                        ""share_type"": ""Cổ phần phổ thông"",
                        ""number_of_shares"": ""100.000"",
                        ""share_value"": ""1.000.000.000"",
                        ""proportion"": ""0,67"",
                        ""card_number"": ""021748884"",
                        ""note"": """",
                        ""dob"": """",
                        ""issue_date"": """",
                        ""issued_at"": """",
                        ""card_type"": """",
                        ""gender"": """",
                        ""representative_title"": """",
                        ""ethnicity"": """"
                    },
                    {
                        ""order_number"": ""3"",
                        ""person_name"": ""Nguyễn Thị Lệ Hằng"",
                        ""representative_address"": ""343/40 Nguyễn Trọng Tuyển, Phường 1, Quận Tân Bình, Việt Nam"",
                        ""household_address"": """",
                        ""nationality"": """",
                        ""share_type"": ""Cổ phần phổ thông"",
                        ""number_of_shares"": ""100.000"",
                        ""share_value"": ""1.000.000.000"",
                        ""proportion"": ""0,67"",
                        ""card_number"": ""020221033"",
                        ""note"": """",
                        ""dob"": """",
                        ""issue_date"": """",
                        ""issued_at"": """",
                        ""card_type"": """",
                        ""gender"": """",
                        ""representative_title"": """",
                        ""ethnicity"": """"
                    },
                    {
                        ""order_number"": ""4"",
                        ""person_name"": ""Quách Thành Đồng"",
                        ""representative_address"": ""364 Khu Phố I, Phường An Lạc, Huyện Bình Chánh, Việt Nam"",
                        ""household_address"": """",
                        ""nationality"": """",
                        ""share_type"": ""Cổ phần phổ thông"",
                        ""number_of_shares"": ""100.000"",
                        ""share_value"": ""1.000.000.000"",
                        ""proportion"": ""0,67"",
                        ""card_number"": ""024018650"",
                        ""note"": """",
                        ""dob"": """",
                        ""issue_date"": """",
                        ""issued_at"": """",
                        ""card_type"": """",
                        ""gender"": """",
                        ""representative_title"": """",
                        ""ethnicity"": """"
                    },
                    {
                        ""order_number"": ""5"",
                        ""person_name"": ""Trần Tăng Phi Oanh"",
                        ""representative_address"": ""32/21 Hồ Thị Kỷ, Phường 1, Quận 10, Việt Nam"",
                        ""household_address"": """",
                        ""nationality"": """",
                        ""share_type"": ""Cổ phần phổ thông"",
                        ""number_of_shares"": ""63.400"",
                        ""share_value"": ""634.000.000"",
                        ""proportion"": ""0,42"",
                        ""card_number"": ""022322055"",
                        ""note"": """",
                        ""dob"": """",
                        ""issue_date"": """",
                        ""issued_at"": """",
                        ""card_type"": """",
                        ""gender"": """",
                        ""representative_title"": """",
                        ""ethnicity"": """"
                    },
                    {
                        ""order_number"": ""6"",
                        ""person_name"": ""Trần Văn Phát"",
                        ""representative_address"": ""29/9 Ấp Nam Thới, Xã Thới Tam Thôn, Huyện Hóc Môn, Việt Nam"",
                        ""household_address"": """",
                        ""nationality"": """",
                        ""share_type"": ""Cổ phần phổ thông"",
                        ""number_of_shares"": ""9.990"",
                        ""share_value"": ""99.900.000"",
                        ""proportion"": ""0,07"",
                        ""card_number"": ""021745298"",
                        ""note"": """",
                        ""dob"": """",
                        ""issue_date"": """",
                        ""issued_at"": """",
                        ""card_type"": """",
                        ""gender"": """",
                        ""representative_title"": """",
                        ""ethnicity"": """"
                    },
                    {
                        ""order_number"": ""7"",
                        ""person_name"": ""Và 91 cổ đông khác"",
                        ""representative_address"": ""Việt Nam"",
                        ""household_address"": """",
                        ""nationality"": """",
                        ""share_type"": ""Cổ phần phổ thông"",
                        ""number_of_shares"": ""3.844.830"",
                        ""share_value"": ""38.448.300.000"",
                        ""proportion"": ""25,63"",
                        ""card_number"": """",
                        ""note"": """",
                        ""dob"": """",
                        ""issue_date"": """",
                        ""issued_at"": """",
                        ""card_type"": """",
                        ""gender"": """",
                        ""representative_title"": """",
                        ""ethnicity"": """"
                    }
                ],
                ""classes_name_key_legal_representative"": [
                    {
                        ""order_number"": """",
                        ""person_name"": ""Quách Thành Đồng"",
                        ""representative_address"": ""Số 124, Đường số 3, Khu phố 7, Phường Bình Trị Đông B, Quận Bình Tân, Thành phố Hồ Chí Minh, Việt Nam"",
                        ""household_address"": ""Số 124, Đường số 3, Khu phố 7, Phường Bình Trị Đông B, Quận Bình Tân, Thành phố Hồ Chí Minh, Việt Nam"",
                        ""nationality"": ""Việt Nam"",
                        ""share_type"": """",
                        ""number_of_shares"": """",
                        ""share_value"": """",
                        ""proportion"": """",
                        ""card_number"": ""024018650"",
                        ""note"": """",
                        ""dob"": ""04/03/1962"",
                        ""issue_date"": ""21/05/2002"",
                        ""issued_at"": ""Công an TP. Hồ Chí Minh"",
                        ""card_type"": ""Giấy chứng minh nhân dân"",
                        ""gender"": ""Nam"",
                        ""representative_title"": ""Tổng giám đốc"",
                        ""ethnicity"": ""Kinh""
                    }
                ],
                ""classes_name_key_company_owner_info"": [],
                ""classes_name_company_branch"": [
                    {
                        ""order"": ""1"",
                        ""name"": ""CHI NHÁNH CÔNG TY CỔ PHẦN NÔNG DƯỢC HAI TẠI ĐỒNG NAI"",
                        ""address"": ""Ấp Trần Cao Vân, Xã Bàu Hàm 2, Huyện Thống Nhất, Tỉnh Đồng Nai, Việt Nam"",
                        ""code"": ""0301242080-012""
                    },
                    {
                        ""order"": ""2"",
                        ""name"": ""CHI NHÁNH CÔNG TY CỔ PHẦN NÔNG DƯỢC HAI - THỪA THIÊN HUẾ"",
                        ""address"": ""Số 606 Lê Duẩn, Phường Phú Thuận, Thành phố Huế, Tỉnh Thừa Thiên Huế, Việt Nam"",
                        ""code"": ""0301242080-018""
                    },
                    {
                        ""order"": ""3"",
                        ""name"": ""CHI NHÁNH CÔNG TY CỔ PHẦN NÔNG DƯỢC HAI - VĨNH LONG"",
                        ""address"": ""Tổ 33, Ấp Long Thuận, Xã Long Phước, Huyện Long Hồ, Tỉnh Vĩnh Long, Việt Nam"",
                        ""code"": ""0301242080-014""
                    },
                    {
                        ""order"": ""4"",
                        ""name"": ""CHI NHÁNH CÔNG TY CỔ PHẦN NÔNG DƯỢC HAI - KIÊN GIANG"",
                        ""address"": ""Số 97A, Ấp Phước Ninh, Xã Mong Thọ B, Huyện Châu Thành, Tỉnh Kiên Giang, Việt Nam"",
                        ""code"": ""0301242080-017""
                    },
                    {
                        ""order"": ""5"",
                        ""name"": ""CHI NHÁNH CÔNG TY CỔ PHẦN NÔNG DƯỢC HAI - TIỀN GIANG"",
                        ""address"": ""Km 1990 Quốc lộ 1, Ấp Mỹ Cần, Xã Nhị Mỹ, Huyện Cai Lậy, Tỉnh Tiền Giang, Việt Nam"",
                        ""code"": ""0301242080-001""
                    },
                    {
                        ""order"": ""6"",
                        ""name"": ""CHI NHÁNH CÔNG TY CỔ PHẦN NÔNG DƯỢC HAI - NGHỆ AN"",
                        ""address"": ""Số 19, đường Nguyễn Tiềm, khối 11, Phường Đội Cung, Thành phố Vinh, Tỉnh Nghệ An, Việt Nam"",
                        ""code"": ""0301242080-019""
                    },
                    {
                        ""order"": ""7"",
                        ""name"": ""CHI NHÁNH CÔNG TY CỔ PHẦN NÔNG DƯỢC HAI - SÓC TRĂNG"",
                        ""address"": ""ấp Tâm Phước, Xã Đại Tâm, Huyện Mỹ Xuyên, Tỉnh Sóc Trăng, Việt Nam"",
                        ""code"": ""0301242080-011""
                    },
                    {
                        ""order"": ""8"",
                        ""name"": ""CHI NHÁNH CÔNG TY CỔ PHẦN NÔNG DƯỢC HAI - AN GIANG"",
                        ""address"": ""Ấp Hòa Phú 1, Thị trấn An Châu, Huyện Châu Thành, Tỉnh An Giang, Việt Nam"",
                        ""code"": ""0301242080-010""
                    },
                    {
                        ""order"": ""9"",
                        ""name"": ""CHI NHÁNH CÔNG TY CỔ PHẦN NÔNG DƯỢC HAI TẠI CẦN THƠ"",
                        ""address"": ""Lô 30 A4, Khu công nghiệp Trà Nóc I, Phường Trà Nóc, Quận Bình Thủy, Thành phố Cần Thơ, Việt Nam"",
                        ""code"": ""0301242080-008""
                    },
                    {
                        ""order"": ""10"",
                        ""name"": ""CHI NHÁNH CÔNG TY CỔ PHẦN NÔNG DƯỢC HAI - HÀ NỘI"",
                        ""address"": ""Phòng 2404, nhà 24T1, khu Đô thị Trung Hòa - Nhân Chính, Phường Trung Hoà, Quận Cầu Giấy, Thành phố Hà Nội, Việt Nam"",
                        ""code"": ""0301242080-002""
                    },
                    {
                        ""order"": ""11"",
                        ""name"": ""CHI NHÁNH CÔNG TY CỔ PHẦN NÔNG DƯỢC HAI - ĐỒNG THÁP"",
                        ""address"": ""Số 407, Nguyễn Trãi, Thị trấn Mỹ Thọ, Huyện Cao Lãnh, Tỉnh Đồng Tháp, Việt Nam"",
                        ""code"": ""0301242080-009""
                    },
                    {
                        ""order"": ""12"",
                        ""name"": ""CHI NHÁNH CÔNG TY CP NÔNG DƯỢC HAI LÂM ĐỒNG"",
                        ""address"": ""Số 25A, Tổ 10, Thôn Phi Nôm, Xã Hiệp Thạnh, Huyện Đức Trọng, Tỉnh Lâm Đồng, Việt Nam"",
                        ""code"": ""0301242080-020""
                    },
                    {
                        ""order"": ""13"",
                        ""name"": ""CHI NHÁNH CÔNG TY CỔ PHẦN NÔNG DƯỢC HAI - TẠI SƠN LA"",
                        ""address"": ""Tiểu khu 3, Thị trấn Hát Lót, Huyện Mai Sơn, Tỉnh Sơn La, Việt Nam"",
                        ""code"": ""0301242080-006""
                    },
                    {
                        ""order"": ""14"",
                        ""name"": ""CHI NHÁNH CÔNG TY CỔ PHẦN NÔNG DƯỢC HAI - ĐẮK LẮK"",
                        ""address"": ""Số 472 đường Võ Văn Kiệt, Phường Khánh Xuân, TP.Buôn Ma Thuột, Tỉnh Đắk Lắk, Việt Nam"",
                        ""code"": ""0301242080-015""
                    }
                ]
            }
        }
    ],
    ""status"": 200,
    ""message"": ""thành công"",
    ""business_warning"": false,
    ""page_numbers"": 0,
    ""response_warning"": false,
    ""use_llm"": true
}",https://drive.google.com/file/d/1CyN8PaKruZZ9vuYdhGMnUXAD5KvHwZrq/view?usp=sharing
45,"{
    ""uuid"": ""e203103e-2410-11f0-a256-b8ca3af3851a"",
    ""results"": [
        {
            ""file_name"": ""CTCP_LANBOX.jpg"",
            ""extract_data"": {
                ""classes_name_info_invoices"": {
                    ""registration_location"": ""Sở Kế Hoạch và Đầu Tư Thành Phố Hà Nội Phòng đăng ký kinh doanh"",
                    ""business_type"": ""Doanh nghiệp"",
                    ""business_code"": ""0110617194"",
                    ""business_tax_code"": """",
                    ""regis_date"": ""30/01/2024"",
                    ""date_of_change"": ""24/10/2024""
                },
                ""classes_name_info_company"": {
                    ""company_name"": ""CÔNG TY CỔ PHẦN DỊCH VỤ VÀ THƯƠNG MẠI LĂN BOX BAKERY"",
                    ""company_name_vi"": ""CÔNG TY CỔ PHẦN DỊCH VỤ VÀ THƯƠNG MẠI LĂN BOX BAKERY"",
                    ""company_name_en"": ""LAN BOX BAKERY SERVICES AND TRADING JOINT STOCK COMPANY"",
                    ""short_name"": ""LAN BOX BAKERY SERVICES AND TRADING.,JSC"",
                    ""company_address"": ""123 Nguyễn Ngọc Nại, Phường Khương Mai, Quận Thanh Xuân, Thành phố Hà Nội, Việt Nam"",
                    ""company_phone"": ""0559633838"",
                    ""fax"": """",
                    ""email"": ""lanboxbakery@gmail.com"",
                    ""website"": """",
                    ""business_entity"": """",
                    ""business_field"": """",
                    ""business_field_id"": [],
                    ""authorized_capital"": ""3.500.000.000 đồng"",
                    ""authorized_capital_num"": ""3.500.000.000 đồng"",
                    ""authorized_capital_char"": ""Ba tỷ năm trăm triệu đồng"",
                    ""par_value"": ""10.000 đồng"",
                    ""total_share"": ""350.000"",
                    ""shares_available_for_sale"": """"
                },
                ""classes_name_key_contributior"": [],
                ""classes_name_key_legal_representative"": [
                    {
                        ""order_number"": """",
                        ""person_name"": ""NGUYỄN MINH HIỀN"",
                        ""representative_address"": ""14/155/7 Cầu Giấy, Phường Quan Hoa, Quận Cầu Giấy, Thành phố Hà Nội, Việt Nam"",
                        ""household_address"": ""Tầng 3, số nhà 468 Thụy Khuê, Phường Bưởi, Quận Tây Hồ, Thành phố Hà Nội, Việt Nam"",
                        ""nationality"": ""Việt Nam"",
                        ""share_type"": """",
                        ""number_of_shares"": """",
                        ""share_value"": """",
                        ""proportion"": """",
                        ""card_number"": ""001186005072"",
                        ""note"": """",
                        ""dob"": ""24/12/1986"",
                        ""issue_date"": ""22/11/2021"",
                        ""issued_at"": ""Cục Cảnh sát quản lý hành chính về trật tự xã hội"",
                        ""card_type"": ""Thẻ căn cước công dân"",
                        ""gender"": ""Nữ"",
                        ""representative_title"": ""Giám đốc"",
                        ""ethnicity"": ""Kinh""
                    }
                ],
                ""classes_name_key_company_owner_info"": [],
                ""classes_name_company_branch"": []
            }
        }
    ],
    ""status"": 200,
    ""message"": ""thành công"",
    ""business_warning"": false,
    ""page_numbers"": 0,
    ""response_warning"": false,
    ""use_llm"": true
}",https://drive.google.com/file/d/1hzNc7O8KMmIRxkHTxTmL3ylrtCBTY8Pc/view?usp=sharing
46,"{
    ""uuid"": ""f7ac3bf4-2410-11f0-a256-b8ca3af3851a"",
    ""results"": [
        {
            ""file_name"": ""DDKD_NGS.png"",
            ""extract_data"": {
                ""classes_name_info_invoices"": {
                    ""registration_location"": ""Sở Kế Hoạch và Đầu Tư Thành Phố Hồ Chí Minh Phòng đăng ký kinh doanh"",
                    ""business_type"": """",
                    ""business_code"": ""00001"",
                    ""business_tax_code"": """",
                    ""regis_date"": ""14/11/2018"",
                    ""date_of_change"": """"
                },
                ""classes_name_info_company"": {
                    ""company_name"": ""ĐỊA ĐIỂM KINH DOANH - CÔNG TY TNHH THƯƠNG MẠI, ĐẦU TƯ VÀ CÔNG NGHỆ NGS"",
                    ""company_name_vi"": """",
                    ""company_name_en"": """",
                    ""short_name"": """",
                    ""company_address"": ""Lầu 3A, An Khánh Tower, 63 Phạm Ngọc Thạch, Phường 06, Quận 3, Thành phố Hồ Chí Minh, Việt Nam"",
                    ""company_phone"": """",
                    ""fax"": """",
                    ""email"": """",
                    ""website"": """",
                    ""business_entity"": """",
                    ""business_field"": """",
                    ""business_field_id"": [],
                    ""authorized_capital"": """",
                    ""authorized_capital_num"": """",
                    ""authorized_capital_char"": """",
                    ""par_value"": """",
                    ""total_share"": """",
                    ""shares_available_for_sale"": """"
                },
                ""classes_name_key_contributior"": [],
                ""classes_name_key_legal_representative"": [
                    {
                        ""order_number"": """",
                        ""person_name"": ""LÊ ĐÌNH DUY"",
                        ""representative_address"": ""209 Đề Thám, Phường Phạm Ngũ Lão, Quận 1, Thành phố Hồ Chí Minh, Việt Nam"",
                        ""household_address"": ""209 Đề Thám, Phường Phạm Ngũ Lão, Quận 1, Thành phố Hồ Chí Minh"",
                        ""nationality"": ""Việt Nam"",
                        ""share_type"": """",
                        ""number_of_shares"": """",
                        ""share_value"": """",
                        ""proportion"": """",
                        ""card_number"": ""023317275"",
                        ""note"": """",
                        ""dob"": ""24/02/1980"",
                        ""issue_date"": ""08/01/2007"",
                        ""issued_at"": ""Công an Thành phố Hồ Chí Minh"",
                        ""card_type"": ""Chứng minh nhân dân"",
                        ""gender"": ""Nam"",
                        ""representative_title"": """",
                        ""ethnicity"": ""Kinh""
                    }
                ],
                ""classes_name_key_company_owner_info"": [
                                {
                        ""order_number"": """",
                        ""person_name"": """",
                        ""representative_address"": """",
                        ""household_address"": """",
                        ""nationality"": """",
                        ""share_type"": """",
                        ""number_of_shares"": """",
                        ""share_value"": """",
                        ""proportion"": """",
                        ""card_number"": """",
                        ""note"": """",
                        ""dob"": """",
                        ""issue_date"": """",
                        ""issued_at"": """",
                        ""card_type"": """",
                        ""gender"": """",
                        ""representative_title"": """",
                        ""ethnicity"": """",
                        ""owner_organize_name"": ""CÔNG TY TNHH THƯƠNG MẠI, ĐẦU TƯ VÀ CÔNG NGHỆ NGS"",
                        ""owner_organize_code"": ""0108271862"",
                        ""owner_organize_issue_date"": """",
                        ""owner_organize_issued_at"": """",
                        ""owner_organize_address"": ""Tầng 5, TTTM Vân Hồ, số 51 Lê Đại Hành, Phường Lê Đại Hành, Quận Hai Bà Trưng, Thành phố Hà Nội, Việt Nam""
                    }
                                ],
                ""classes_name_company_branch"": []
            }
        }
    ],
    ""status"": 200,
    ""message"": ""thành công"",
    ""business_warning"": false,
    ""page_numbers"": 0,
    ""response_warning"": false,
    ""use_llm"": true
}",https://drive.google.com/file/d/1dx3RcXWggY6fFkWJB2JLwJpdqXWl0M2J/view?usp=sharing
47,"{
    ""uuid"": ""0b48902c-2411-11f0-a256-b8ca3af3851a"",
    ""results"": 
    [
        {
            ""file_name"": ""DDKD_SHOWA.jpeg"",
            ""extract_data"": 
            {
                ""classes_name_info_invoices"": {
                    ""registration_location"": ""Sở Kế Hoạch và Đầu Tư Thành Phố Hà Nội Phòng đăng ký kinh doanh"",
                    ""business_type"": """",
                    ""business_code"": ""00002"",
                    ""business_tax_code"": """",
                    ""regis_date"": ""26/05/2023"",
                    ""date_of_change"": """"
                },
                ""classes_name_info_company"": {
                    ""company_name"": """",
                    ""company_name_vi"": ""NHÀ HÀNG NHẬT BẢN SHOWA – ĐỊA ĐIỂM KINH DOANH CÔNG TY TNHH ĐẦU TƯ VÀ TƯ VẤN HMLINH"",
                    ""company_name_en"": ""SHOWA JAPANESE RESTAURANT – BUSINESS LOCATION OF HMLINH INVESTMENT AND CONSULTING COMPANY LIMITED"",
                    ""short_name"": ""SHOWA RESTAURANT"",
                    ""company_address"": ""Số 45, Phố Phan Kế Bính, Phường Cống Vị, Quận Ba Đình, Thành phố Hà Nội, Việt Nam"",
                    ""company_phone"": """",
                    ""fax"": """",
                    ""email"": """",
                    ""website"": """",
                    ""business_entity"": """",
                    ""business_field"": """",
                    ""business_field_id"": [],
                    ""authorized_capital"": """",
                    ""authorized_capital_num"": """",
                    ""authorized_capital_char"": """",
                    ""par_value"": """",
                    ""total_share"": """",
                    ""shares_available_for_sale"": """"
                },
                ""classes_name_key_contributior"": [],
                ""classes_name_key_legal_representative"": [
                                    {
                                            ""order_number"": """",
                        ""person_name"": ""HOÀNG MẠNG LINH"",
                        ""representative_address"": ""số 8A4 tổ 6, Phường Phúc Đồng, Quận Long Biên, Thành phố Hà Nội, Việt Nam"",
                        ""household_address"": ""số 8A4 tổ 6, Phường Phúc Đồng, Quận Long Biên, Thành phố Hà Nội, Việt Nam"",
                        ""nationality"": ""Việt Nam"",
                        ""share_type"": """",
                        ""number_of_shares"": """",
                        ""share_value"": """",
                        ""proportion"": """",
                        ""card_number"": ""001091028278"",
                        ""note"": """",
                        ""dob"": ""29/05/1991"",
                        ""issue_date"": ""02/07/2019"",
                        ""issued_at"": ""Cục cảnh sát quản lý hành chính về trật tự xã hội"",
                        ""card_type"": ""Thẻ căn cước công dân"",
                        ""gender"": ""Nam"",
                        ""representative_title"": """",
                        ""ethnicity"": ""Kinh""
                                    }
                                ],
                ""classes_name_key_company_owner_info"": [
                    {
                        ""order_number"": """",
                        ""person_name"": """",
                        ""representative_address"": """",
                        ""household_address"": """",
                        ""nationality"": """",
                        ""share_type"": """",
                        ""number_of_shares"": """",
                        ""share_value"": """",
                        ""proportion"": """",
                        ""card_number"": """",
                        ""note"": """",
                        ""dob"": """",
                        ""issue_date"": """",
                        ""issued_at"": """",
                        ""card_type"": """",
                        ""gender"": """",
                        ""representative_title"": """",
                        ""ethnicity"": """",
                        ""owner_organize_name"": ""CÔNG TY TNHH ĐẦU TƯ VÀ TƯ VẤN HMLINH"",
                        ""owner_organize_code"": ""0109218614"",
                        ""owner_organize_issue_date"": """",
                        ""owner_organize_issued_at"": """",
                        ""owner_organize_address"": ""Số 63B, Phố Kim Mã, Phường Ngọc Khánh, Quận Ba Đình, Thành phố Hà Nội, Việt Nam""
                    }
                ],
                ""classes_name_company_branch"": []
            }
        }
    ],
    ""status"": 200,
    ""message"": ""thành công"",
    ""business_warning"": false,
    ""page_numbers"": 0,
    ""response_warning"": false,
    ""use_llm"": true
}",https://drive.google.com/file/d/1TiSMnkB1BDTAdjGdKiBTLRIzwwxcxkGQ/view?usp=sharing
48,"{
    ""uuid"": ""34c8af0e-2411-11f0-a256-b8ca3af3851a"",
    ""results"": [
        {
            ""file_name"": ""HKD_148.jpeg"",
            ""extract_data"": {
                ""classes_name_info_invoices"": {
                    ""registration_location"": ""ỦY BAN NHÂN DÂN QUẬN 9 Phòng tài chính - kế hoạch"",
                    ""business_type"": ""Hộ kinh doanh"",
                    ""business_code"": ""4118007971"",
                    ""business_tax_code"": """",
                    ""regis_date"": ""30/07/2020"",
                    ""date_of_change"": """"
                },
                ""classes_name_info_company"": {
                    ""company_name"": ""HỘ KINH DOANH QUÁN CƠM 148"",
                    ""company_name_vi"": """",
                    ""company_name_en"": """",
                    ""short_name"": """",
                    ""company_address"": ""148 Đỗ Xuân Hợp, Phường Phước Long A, Quận 9"",
                    ""company_phone"": ""0988805949"",
                    ""fax"": """",
                    ""email"": """",
                    ""website"": """",
                    ""business_entity"": ""Cá nhân"",
                    ""business_field"": ""Nhà hàng và các dịch vụ ăn uống phục vụ lưu động - Thức ăn, nước giải khát."",
                    ""business_field_id"": [],
                    ""authorized_capital"": ""20.000.000 đồng"",
                    ""authorized_capital_num"": ""20.000.000 đồng"",
                    ""authorized_capital_char"": ""Hai mươi triệu đồng"",
                    ""par_value"": """",
                    ""total_share"": """",
                    ""shares_available_for_sale"": """"
                },
                ""classes_name_key_contributior"": [],
                ""classes_name_key_legal_representative"": [],
                ""classes_name_key_company_owner_info"": [
                    {
                        ""order_number"": """",
                        ""person_name"": ""NGUYỄN THỊ HẢI TRIỀU"",
                        ""representative_address"": ""Khóm 1, Phường 4, Thành phố Cao Lãnh, Tỉnh Đồng Tháp"",
                        ""household_address"": ""148 Đỗ Xuân Hợp, Phường Phước Long A, Quận 9"",
                        ""nationality"": ""Việt Nam"",
                        ""share_type"": """",
                        ""number_of_shares"": """",
                        ""share_value"": """",
                        ""proportion"": """",
                        ""card_number"": ""341740949"",
                        ""note"": """",
                        ""dob"": ""14/07/1994"",
                        ""issue_date"": ""20/05/2011"",
                        ""issued_at"": ""CA Đồng Tháp"",
                        ""card_type"": ""Chứng minh nhân dân"",
                        ""gender"": ""Nữ"",
                        ""representative_title"": """",
                        ""ethnicity"": ""Kinh"",
                                                ""owner_organize_name"": """",
                        ""owner_organize_code"": """",
                        ""owner_organize_issue_date"": """",
                        ""owner_organize_issued_at"": """",
                        ""owner_organize_address"": """"
                    }
                ],
                ""classes_name_company_branch"": []
            }
        }
    ],
    ""status"": 200,
    ""message"": ""thành công"",
    ""business_warning"": false,
    ""page_numbers"": 0,
    ""response_warning"": false,
    ""use_llm"": true
}",https://drive.google.com/file/d/16HuE9amSG-hK8fS6t2Lf7ABvYjXk_lT2/view?usp=sharing
49,"{
    ""uuid"": ""58033e12-2411-11f0-a256-b8ca3af3851a"",
    ""results"": [
        {
            ""file_name"": ""HKD_ANNHIEN90.jpg"",
            ""extract_data"": {
                ""classes_name_info_invoices"": {
                    ""registration_location"": ""UBND Huyện Gia Lâm Phòng Tài Chính - Kế Hoạch"",
                    ""business_type"": ""Hộ kinh doanh"",
                    ""business_code"": ""01J8019583"",
                    ""business_tax_code"": """",
                    ""regis_date"": ""19/04/2021"",
                    ""date_of_change"": """"
                },
                ""classes_name_info_company"": {
                    ""company_name"": ""Hộ Kinh Doanh An Nhiên - 90"",
                    ""company_name_vi"": ""Hộ Kinh Doanh An Nhiên - 90"",
                    ""company_name_en"": """",
                    ""short_name"": """",
                    ""company_address"": ""Thôn 6, xã Ninh Hiệp, huyện Gia Lâm, thành phố Hà Nội"",
                    ""company_phone"": ""0919 951 823"",
                    ""fax"": """",
                    ""email"": """",
                    ""website"": """",
                    ""business_entity"": ""Cá nhân"",
                    ""business_field"": ""Bán buôn quần áo may sẵn các loại, Bán lẻ quần áo may sẵn các loại"",
                    ""business_field_id"": [
                        ""4641"",
                        ""4771""
                    ],
                    ""authorized_capital"": ""100.000.000 VNĐ"",
                    ""authorized_capital_num"": ""100.000.000 VNĐ"",
                    ""authorized_capital_char"": ""Một trăm triệu đồng"",
                    ""par_value"": """",
                    ""total_share"": """",
                    ""shares_available_for_sale"": """"
                },
                ""classes_name_key_contributior"": [],
                ""classes_name_key_legal_representative"": [],
                ""classes_name_key_company_owner_info"": [
                    {
                        ""order_number"": """",
                        ""person_name"": ""Phùng Thị Thu Thủy"",
                        ""representative_address"": ""Số 22 nhà B, tập thể Quân Đội 75886 Tổng cục Hậu cần, phường Thanh Lương, quận Hai Bà Trưng, thành phố Hà Nội"",
                        ""household_address"": ""Số 22 nhà B, tập thể Quân Đội 75886 Tổng cục Hậu cần, phường Thanh Lương, quận Hai Bà Trưng, thành phố Hà Nội"",
                        ""nationality"": ""Việt Nam"",
                        ""share_type"": """",
                        ""number_of_shares"": """",
                        ""share_value"": """",
                        ""proportion"": """",
                        ""card_number"": ""045190000060"",
                        ""note"": """",
                        ""dob"": ""25/05/1990"",
                        ""issue_date"": ""10/01/2017"",
                        ""issued_at"": ""Cục Cảnh sát ĐKQL cư trú và DLQG về dân cư"",
                        ""card_type"": ""Căn cước công dân"",
                        ""gender"": ""Nữ"",
                        ""representative_title"": """",
                        ""ethnicity"": ""Kinh"",
                                                ""owner_organize_name"": """",
                        ""owner_organize_code"": """",
                        ""owner_organize_issue_date"": """",
                        ""owner_organize_issued_at"": """",
                        ""owner_organize_address"": """"
                    }
                ],
                ""classes_name_company_branch"": []
            }
        }
    ],
    ""status"": 200,
    ""message"": ""thành công"",
    ""business_warning"": false,
    ""page_numbers"": 0,
    ""response_warning"": false,
    ""use_llm"": true
}",https://drive.google.com/file/d/12dUlexF7BTDNUaexrSuAKtYPmTUW_bYD/view?usp=sharing
50,"{
    ""uuid"": ""6a77c1b2-2411-11f0-a256-b8ca3af3851a"",
    ""results"": [
        {
            ""file_name"": ""HKD_BABI.jpg"",
            ""extract_data"": {
                ""classes_name_info_invoices"": {
                    ""registration_location"": ""UBND THỊ XÃ VIỆT YÊN"",
                    ""business_type"": ""Hộ kinh doanh"",
                    ""business_code"": ""20I8025102"",
                    ""business_tax_code"": ""8416940583-001"",
                    ""regis_date"": ""08/01/2025"",
                    ""date_of_change"": """"
                },
                ""classes_name_info_company"": {
                    ""company_name"": ""HỘ KINH DOANH VOI BABI STORE"",
                    ""company_name_vi"": ""HỘ KINH DOANH VOI BABI STORE"",
                    ""company_name_en"": """",
                    ""short_name"": """",
                    ""company_address"": ""Thửa đất số 17 tờ bản đồ số 03 số nhà 119 TDP Tam Tầng, Phường Quang Châu, Thị Xã Việt Yên, Tỉnh Bắc Giang, Việt Nam"",
                    ""company_phone"": ""0968612228"",
                    ""fax"": """",
                    ""email"": """",
                    ""website"": """",
                    ""business_entity"": ""Cá nhân"",
                    ""business_field"": ""Bán lẻ hàng hóa khác mới trong các cửa hàng chuyên doanh (Bán sữa, bỉm đồ cho em bé)"",
                    ""business_field_id"": [
                        ""4773""
                    ],
                    ""authorized_capital"": ""450.000.000 đồng"",
                    ""authorized_capital_num"": ""450.000.000 đồng"",
                    ""authorized_capital_char"": ""Bốn trăm năm mươi triệu đồng"",
                    ""par_value"": """",
                    ""total_share"": """",
                    ""shares_available_for_sale"": """"
                },
                ""classes_name_key_contributior"": [],
                ""classes_name_key_legal_representative"": [],
                ""classes_name_key_company_owner_info"": [
                    {
                        ""order_number"": """",
                        ""person_name"": ""HÀ THỊ HUYỀN PHƯƠNG"",
                        ""representative_address"": ""TDP Đồng Long, Phường Quang Minh, Thị Xã Việt Yên, Tỉnh Bắc Giang, Việt Nam"",
                        ""household_address"": ""TDP Đồng Long, Phường Quang Minh, Thị Xã Việt Yên, Tỉnh Bắc Giang, Việt Nam"",
                        ""nationality"": ""Việt Nam"",
                        ""share_type"": """",
                        ""number_of_shares"": """",
                        ""share_value"": """",
                        ""proportion"": """",
                        ""card_number"": ""019195008469"",
                        ""note"": """",
                        ""dob"": ""02/02/1995"",
                        ""issue_date"": ""26/09/2022"",
                        ""issued_at"": ""Cục Cảnh Sát QLHC về TTXH"",
                        ""card_type"": """",
                        ""gender"": ""Nữ"",
                        ""representative_title"": """",
                        ""ethnicity"": ""Tày"",
                        ""owner_organize_name"": """",
                        ""owner_organize_code"": """",
                        ""owner_organize_issue_date"": """",
                        ""owner_organize_issued_at"": """",
                        ""owner_organize_address"": """"
                    }
                ],
                ""classes_name_company_branch"": []
            }
        }
    ],
    ""status"": 200,
    ""message"": ""thành công"",
    ""business_warning"": false,
    ""page_numbers"": 0,
    ""response_warning"": false,
    ""use_llm"": true
}",https://drive.google.com/file/d/19YD6hHwdHhux8ym32fRsKi5EoYWDF4mD/view?usp=sharing
51,"{
    ""uuid"": ""910496b6-2411-11f0-a256-b8ca3af3851a"",
    ""results"": [
        {
            ""file_name"": ""HKD_BAZAN.jpg"",
            ""extract_data"": {
                ""classes_name_info_invoices"": {
                    ""registration_location"": ""UBND Thành phố Đà Lạt"",
                    ""business_type"": ""Hộ kinh doanh"",
                    ""business_code"": ""42A8044481"",
                    ""business_tax_code"": ""8051001359-002"",
                    ""regis_date"": ""08/09/2023"",
                    ""date_of_change"": """"
                },
                ""classes_name_info_company"": {
                    ""company_name"": ""Hộ kinh doanh Đặc sản Đà Lạt Bazan"",
                    ""company_name_vi"": ""Hộ kinh doanh Đặc sản Đà Lạt Bazan"",
                    ""company_name_en"": """",
                    ""short_name"": """",
                    ""company_address"": ""16 Bùi Thị Xuân, Phường 2, Thành phố Đà Lạt, Tỉnh Lâm Đồng, Việt Nam"",
                    ""company_phone"": ""0906440588"",
                    ""fax"": """",
                    ""email"": """",
                    ""website"": """",
                    ""business_entity"": ""Cá nhân"",
                    ""business_field"": ""Bán buôn thực phẩm (Chủ yếu bán đặc sản), Bán lẻ hàng hóa khác mới trong các cửa hàng chuyên doanh (Chủ yếu hàng lưu niệm)"",
                    ""business_field_id"": [
                        ""4632"",
                        ""4773""
                    ],
                    ""authorized_capital"": ""50.000.000 đồng"",
                    ""authorized_capital_num"": ""50.000.000 đồng"",
                    ""authorized_capital_char"": ""Năm mươi triệu đồng"",
                    ""par_value"": """",
                    ""total_share"": """",
                    ""shares_available_for_sale"": """"
                },
                ""classes_name_key_contributior"": [],
                ""classes_name_key_legal_representative"": [],
                ""classes_name_key_company_owner_info"": [
                    {
                        ""order_number"": """",
                        ""person_name"": ""Hồ Xuân Hoàng"",
                        ""representative_address"": ""15/12C Hai Bà Trưng, Phường 6, Thành phố Đà Lạt, Tỉnh Lâm Đồng, Việt Nam"",
                        ""household_address"": ""16 Bùi Thị Xuân, Phường 2, Thành phố Đà Lạt, Tỉnh Lâm Đồng, Việt Nam"",
                        ""nationality"": ""Việt Nam"",
                        ""share_type"": """",
                        ""number_of_shares"": """",
                        ""share_value"": """",
                        ""proportion"": """",
                        ""card_number"": ""068088003771"",
                        ""note"": """",
                        ""dob"": ""22/10/1988"",
                        ""issue_date"": ""28/06/2021"",
                        ""issued_at"": ""Cục Cảnh sát quản lý hành chính về trật tự xã hội"",
                        ""card_type"": """",
                        ""gender"": ""Nam"",
                        ""representative_title"": """",
                        ""ethnicity"": ""Kinh"",
                        ""owner_organize_name"": """",
                        ""owner_organize_code"": """",
                        ""owner_organize_issue_date"": """",
                        ""owner_organize_issued_at"": """",
                        ""owner_organize_address"": """"
                    }
                ],
                ""classes_name_company_branch"": []
            }
        }
    ],
    ""status"": 200,
    ""message"": ""thành công"",
    ""business_warning"": false,
    ""page_numbers"": 0,
    ""response_warning"": false,
    ""use_llm"": true
}",https://drive.google.com/file/d/1fOgSb2n8orKlc6BoASS6RU96EMiQ8b0M/view?usp=sharing
52,"{
    ""uuid"": ""a90c3d90-2411-11f0-a256-b8ca3af3851a"",
    ""results"": [
        {
            ""file_name"": ""HKD_BUNRIEUTUYEN.jpeg"",
            ""extract_data"": 
            {
                ""classes_name_info_invoices"": {
                    ""registration_location"": ""ỦY BAN NHÂN DÂN QUẬN 10"",
                    ""business_type"": ""Hộ kinh doanh"",
                    ""business_code"": ""41J8028937"",
                    ""business_tax_code"": """",
                    ""regis_date"": ""18/11/2019"",
                    ""date_of_change"": ""28/07/2020""
                },
                ""classes_name_info_company"": {
                    ""company_name"": ""HỘ KINH DOANH BÚN RIÊU TUYỀN"",
                    ""company_name_vi"": """",
                    ""company_name_en"": """",
                    ""short_name"": """",
                    ""company_address"": ""193/2 Bà Hạt, Phường 9, Quận 10, TP. Hồ Chí Minh"",
                    ""company_phone"": ""0932 195 026"",
                    ""fax"": """",
                    ""email"": """",
                    ""website"": """",
                    ""business_entity"": ""Cá nhân"",
                    ""business_field"": ""Dịch vụ ăn uống (5610). (Cơ sở chỉ được hoạt động khi có Giấy chứng nhận cơ sở đủ điều kiện an toàn thực phẩm do cơ quan có thẩm quyền cấp)"",
                    ""business_field_id"": [
                        ""5610""
                    ],
                    ""authorized_capital"": ""10.000.000 đồng"",
                    ""authorized_capital_num"": ""10.000.000 đồng"",
                    ""authorized_capital_char"": ""Mười triệu đồng"",
                    ""par_value"": """",
                    ""total_share"": """",
                    ""shares_available_for_sale"": """"
                },
                ""classes_name_key_contributior"": [],
                ""classes_name_key_legal_representative"": [],
                ""classes_name_key_company_owner_info"": [
                    {
                        ""order_number"": """",
                        ""person_name"": ""NGUYỄN THỊ KIM HAI"",
                        ""representative_address"": ""292/1 Bà Hạt, P.9, Q.10, TP. Hồ Chí Minh"",
                        ""household_address"": ""193/2 Bà Hạt, P.9, Q.10, TP. Hồ Chí Minh"",
                        ""nationality"": ""Việt Nam"",
                        ""share_type"": """",
                        ""number_of_shares"": """",
                        ""share_value"": """",
                        ""proportion"": """",
                        ""card_number"": ""086180000364"",
                        ""note"": """",
                        ""dob"": ""31/03/1980"",
                        ""issue_date"": ""01/06/2018"",
                        ""issued_at"": ""Cục cảnh sát ĐKQL cư trú và DLQG về dân cư"",
                        ""card_type"": ""Căn cước công dân"",
                        ""gender"": ""Nữ"",
                        ""representative_title"": """",
                        ""ethnicity"": ""Kinh""
                    }
                ],
                ""classes_name_key_company_owner_info"": [
                    {
                        ""order_number"": """",
                        ""person_name"": ""Phùng Thị Thu Thủy"",
                        ""representative_address"": ""Số 22 nhà B, tập thể Quân Đội 75886 Tổng cục Hậu cần, phường Thanh Lương, quận Hai Bà Trưng, thành phố Hà Nội"",
                        ""household_address"": ""Số 22 nhà B, tập thể Quân Đội 75886 Tổng cục Hậu cần, phường Thanh Lương, quận Hai Bà Trưng, thành phố Hà Nội"",
                        ""nationality"": ""Việt Nam"",
                        ""share_type"": """",
                        ""number_of_shares"": """",
                        ""share_value"": """",
                        ""proportion"": """",
                        ""card_number"": ""045190000060"",
                        ""note"": """",
                        ""dob"": ""25/05/1990"",
                        ""issue_date"": ""10/01/2017"",
                        ""issued_at"": ""Cục Cảnh sát ĐKQL cư trú và DLQG về dân cư"",
                        ""card_type"": ""Căn cước công dân"",
                        ""gender"": ""Nữ"",
                        ""representative_title"": """",
                        ""ethnicity"": ""Kinh"",
						""owner_organize_name"": """",
                        ""owner_organize_code"": """",
                        ""owner_organize_issue_date"": """",
                        ""owner_organize_issued_at"": """",
                        ""owner_organize_address"": """"
                    }
                ],
                ""classes_name_company_branch"": []
            }
        }
    ],
    ""status"": 200,
    ""message"": ""thành công"",
    ""business_warning"": false,
    ""page_numbers"": 0,
    ""response_warning"": false,
    ""use_llm"": true
}",https://drive.google.com/file/d/1C8cJG4E1D3GCc0hLq0XyPWVo8cnpuuFG/view?usp=sharing
53,"{
    ""uuid"": ""b7c2e708-2411-11f0-a256-b8ca3af3851a"",
    ""results"": [
        {
            ""file_name"": ""HKD_CHERYHOUSE.jpg"",
            ""extract_data"": {
                ""classes_name_info_invoices"": {
                    ""registration_location"": ""Ủy ban nhân dân Quận Phú Nhuận"",
                    ""business_type"": ""Hộ kinh doanh"",
                    ""business_code"": ""41P8018890"",
                    ""business_tax_code"": """",
                    ""regis_date"": ""19/09/2017"",
                    ""date_of_change"": """"
                },
                ""classes_name_info_company"": {
                    ""company_name"": ""CHERRY HOUSE"",
                    ""company_name_vi"": ""CHERRY HOUSE"",
                    ""company_name_en"": """",
                    ""short_name"": """",
                    ""company_address"": ""số 51 Hoa Sứ, Phường 7, Quận Phú Nhuận"",
                    ""company_phone"": ""0901437773"",
                    ""fax"": """",
                    ""email"": """",
                    ""website"": """",
                    ""business_entity"": """",
                    ""business_field"": ""Bán lẻ đường sữa, bánh kẹo, dầu ăn, nước chấm, bột ngọt, mì gói, xà bông, dầu gội, tã, khăn giấy, bia, nước ngọt, nước tinh khiết, trái cây."",
                    ""business_field_id"": [],
                    ""authorized_capital"": ""50.000.000 đồng"",
                    ""authorized_capital_num"": ""50.000.000 đồng"",
                    ""authorized_capital_char"": ""Năm mươi triệu đồng"",
                    ""par_value"": """",
                    ""total_share"": """",
                    ""shares_available_for_sale"": """"
                },
                ""classes_name_key_contributior"": [],
                ""classes_name_key_legal_representative"": [],
                ""classes_name_key_company_owner_info"": [
                    {
                        ""order_number"": """",
                        ""person_name"": ""NGUYỄN VĂN THIỆU"",
                        ""representative_address"": ""20 Nguyễn Viết Xuân, Tân Thành, Tp. Buôn Ma Thuột, tỉnh Đắk Lắk"",
                        ""household_address"": ""51 Hoa Sứ, phường 07, quận Phú Nhuận, Tp. HCM"",
                        ""nationality"": ""Việt Nam"",
                        ""share_type"": """",
                        ""number_of_shares"": """",
                        ""share_value"": """",
                        ""proportion"": """",
                        ""card_number"": ""240896711"",
                        ""note"": """",
                        ""dob"": ""19/08/1987"",
                        ""issue_date"": ""20/01/2016"",
                        ""issued_at"": ""Công an tỉnh Đắk Lắk"",
                        ""card_type"": """",
                        ""gender"": ""Nam"",
                        ""representative_title"": """",
                        ""ethnicity"": ""Kinh"",
                        ""owner_organize_name"": """",
                        ""owner_organize_code"": """",
                        ""owner_organize_issue_date"": """",
                        ""owner_organize_issued_at"": """",
                        ""owner_organize_address"": """"
                    }
                ],
                ""classes_name_company_branch"": []
            }
        }
    ],
    ""status"": 200,
    ""message"": ""thành công"",
    ""business_warning"": false,
    ""page_numbers"": 0,
    ""response_warning"": false,
    ""use_llm"": true
}",https://drive.google.com/file/d/1aeQcSfRLOdKFa-OOOQ2yFY7qaX2OZAEZ/view?usp=sharing
54,"{
    ""uuid"": ""06e1ce12-2412-11f0-a256-b8ca3af3851a"",
    ""results"": [
        {
            ""file_name"": ""HKD_DIMSUM.jpeg"",
            ""extract_data"": {
                ""classes_name_info_invoices"": {
                    ""registration_location"": ""ỦY BAN NHÂN DÂN QUẬN 2"",
                    ""business_type"": ""Hộ kinh doanh"",
                    ""business_code"": ""41B8014463"",
                    ""business_tax_code"": """",
                    ""regis_date"": ""13/09/2019"",
                    ""date_of_change"": """"
                },
                ""classes_name_info_company"": {
                    ""company_name"": ""HỘ KINH DOANH DIM SUM HONGKONG"",
                    ""company_name_vi"": """",
                    ""company_name_en"": """",
                    ""short_name"": """",
                    ""company_address"": ""Số 243, Đường Nguyễn Thị Định, Phường Bình Trưng Tây, Quận 2, TP Hồ Chí Minh"",
                    ""company_phone"": ""0933366923"",
                    ""fax"": """",
                    ""email"": """",
                    ""website"": """",
                    ""business_entity"": ""Cá nhân"",
                    ""business_field"": ""Dịch vụ ăn uống"",
                    ""business_field_id"": [],
                    ""authorized_capital"": ""50.000.000 đồng"",
                    ""authorized_capital_num"": ""50.000.000 đồng"",
                    ""authorized_capital_char"": ""Năm mươi triệu đồng"",
                    ""par_value"": """",
                    ""total_share"": """",
                    ""shares_available_for_sale"": """"
                },
                ""classes_name_key_contributior"": [],
                ""classes_name_key_legal_representative"": [],
                ""classes_name_key_company_owner_info"": [
                    {
                        ""order_number"": """",
                        ""person_name"": ""ĐỒNG KIM LONG"",
                        ""representative_address"": ""Số 303/2, Đường Bến Vân Đồn, Phường 2, Quận 4, TP Hồ Chí Minh"",
                        ""household_address"": ""Số 88, Đường 11, Phường Cát Lái, Quận 2, TP Hồ Chí Minh"",
                        ""nationality"": ""Việt Nam"",
                        ""share_type"": """",
                        ""number_of_shares"": """",
                        ""share_value"": """",
                        ""proportion"": """",
                        ""card_number"": ""025070296"",
                        ""note"": """",
                        ""dob"": ""04/02/1994"",
                        ""issue_date"": ""05/02/2009"",
                        ""issued_at"": ""CA TP Hồ Chí Minh"",
                        ""card_type"": ""Chứng minh nhân dân"",
                        ""gender"": ""Nam"",
                        ""representative_title"": """",
                        ""ethnicity"": ""Kinh"",
                        ""owner_organize_name"": """",
                        ""owner_organize_code"": """",
                        ""owner_organize_issue_date"": """",
                        ""owner_organize_issued_at"": """",
                        ""owner_organize_address"": """"
                    }
                ],
                ""classes_name_company_branch"": []
            }
        }
    ],
    ""status"": 200,
    ""message"": ""thành công"",
    ""business_warning"": false,
    ""page_numbers"": 0,
    ""response_warning"": false,
    ""use_llm"": true
}",https://drive.google.com/file/d/1P1QgUMeGe1Mxr6xjgtqTnAg-k4bQXOgf/view?usp=sharing
55,"{
    ""uuid"": ""16f2e426-2412-11f0-a256-b8ca3af3851a"",
    ""results"": [
        {
            ""file_name"": ""HKD_GATHANHTHUY.jpeg"",
            ""extract_data"": {
                ""classes_name_info_invoices"": {
                    ""registration_location"": ""ỦY BAN NHÂN DÂN QUẬN 12 Phòng tài chính - kế hoạch"",
                    ""business_type"": ""Hộ kinh doanh"",
                    ""business_code"": ""41L8046100"",
                    ""business_tax_code"": ""8928329874-001"",
                    ""regis_date"": ""24/03/2025"",
                    ""date_of_change"": """"
                },
                ""classes_name_info_company"": {
                    ""company_name"": ""HỘ KINH DOANH GÀ TÀ THANH THỦY"",
                    ""company_name_vi"": ""HỘ KINH DOANH GÀ TÀ THANH THỦY"",
                    ""company_name_en"": """",
                    ""short_name"": """",
                    ""company_address"": ""403/37 Trần Thị Năm, Khu phố 29, Phường Tân Chánh Hiệp, Quận 12, Thành phố Hồ Chí Minh, Việt Nam"",
                    ""company_phone"": ""0909443802"",
                    ""fax"": """",
                    ""email"": """",
                    ""website"": """",
                    ""business_entity"": ""Cá nhân"",
                    ""business_field"": ""Nhà hàng và các dịch vụ ăn uống phục vụ lưu động (trừ bán bia, rượu)"",
                    ""business_field_id"": [
                        ""5610""
                    ],
                    ""authorized_capital"": ""7.000.000 đồng"",
                    ""authorized_capital_num"": ""7.000.000 đồng"",
                    ""authorized_capital_char"": ""Bảy triệu đồng"",
                    ""par_value"": """",
                    ""total_share"": """",
                    ""shares_available_for_sale"": """"
                },
                ""classes_name_key_contributior"": [],
                ""classes_name_key_legal_representative"": [],
                ""classes_name_key_company_owner_info"": [
                    {
                        ""order_number"": """",
                        ""person_name"": ""ĐẶNG TRƯỜNG THỦY"",
                        ""representative_address"": ""403/37, Khu phố 29, Phường Tân Chánh Hiệp, Quận 12, Thành phố Hồ Chí Minh, Việt Nam"",
                        ""household_address"": ""403/37, Khu phố 29, Phường Tân Chánh Hiệp, Quận 12, Thành phố Hồ Chí Minh, Việt Nam"",
                        ""nationality"": ""Việt Nam"",
                        ""share_type"": """",
                        ""number_of_shares"": """",
                        ""share_value"": """",
                        ""proportion"": """",
                        ""card_number"": ""083179007007"",
                        ""note"": """",
                        ""dob"": ""08/10/1979"",
                        ""issue_date"": ""10/08/2021"",
                        ""issued_at"": ""Cục Cảnh sát quản lý hành chính về trật tự xã hội"",
                        ""card_type"": """",
                        ""gender"": ""Nữ"",
                        ""representative_title"": """",
                        ""ethnicity"": ""Kinh"",
                        ""owner_organize_name"": """",
                        ""owner_organize_code"": """",
                        ""owner_organize_issue_date"": """",
                        ""owner_organize_issued_at"": """",
                        ""owner_organize_address"": """"
                    }
                ],
                ""classes_name_company_branch"": []
            }
        }
    ],
    ""status"": 200,
    ""message"": ""thành công"",
    ""business_warning"": false,
    ""page_numbers"": 0,
    ""response_warning"": false,
    ""use_llm"": true
}",https://drive.google.com/file/d/16sJmmv2-s9PvH2L4q6WpeivCKrHX8Swp/view?usp=sharing
56,"{
    ""uuid"": ""2b57952e-2412-11f0-a256-b8ca3af3851a"",
    ""results"": [
        {
            ""file_name"": ""HKD_HAIANH.jpeg"",
            ""extract_data"": {
                ""classes_name_info_invoices"": {
                    ""registration_location"": ""UBND Quận Bình Thạnh Phòng Kinh Tế"",
                    ""business_type"": ""Hộ kinh doanh"",
                    ""business_code"": """",
                    ""business_tax_code"": ""41O8031789"",
                    ""regis_date"": ""08/02/2002"",
                    ""date_of_change"": ""24/04/2023""
                },
                ""classes_name_info_company"": {
                    ""company_name"": ""HỘ KINH DOANH HẢI ANH"",
                    ""company_name_vi"": ""HỘ KINH DOANH HẢI ANH"",
                    ""company_name_en"": """",
                    ""short_name"": """",
                    ""company_address"": ""23 đường D5, Phường 25, Quận Bình Thạnh"",
                    ""company_phone"": """",
                    ""fax"": """",
                    ""email"": """",
                    ""website"": """",
                    ""business_entity"": ""Cá nhân"",
                    ""business_field"": ""Quán ăn uống"",
                    ""business_field_id"": [],
                    ""authorized_capital"": ""5.000.000 đồng"",
                    ""authorized_capital_num"": ""5.000.000 đồng"",
                    ""authorized_capital_char"": ""Năm triệu đồng"",
                    ""par_value"": """",
                    ""total_share"": """",
                    ""shares_available_for_sale"": """"
                },
                ""classes_name_key_contributior"": [],
                ""classes_name_key_legal_representative"": [],
                ""classes_name_key_company_owner_info"": [
                    {
                        ""order_number"": """",
                        ""person_name"": ""NGUYỄN PHÚC HẢI"",
                        ""representative_address"": ""199 Xô Viết Nghệ Tĩnh, Phường 17, Quận Bình Thạnh"",
                        ""household_address"": ""199 Xô Viết Nghệ Tĩnh, Phường 17, Quận Bình Thạnh"",
                        ""nationality"": ""Việt Nam"",
                        ""share_type"": """",
                        ""number_of_shares"": """",
                        ""share_value"": """",
                        ""proportion"": """",
                        ""card_number"": ""001165013449"",
                        ""note"": """",
                        ""dob"": ""01/01/1965"",
                        ""issue_date"": ""02/02/2023"",
                        ""issued_at"": ""Cục cảnh sát quản lý hành chính về trật tự xã hội"",
                        ""card_type"": ""Căn cước công dân"",
                        ""gender"": ""Nữ"",
                        ""representative_title"": """",
                        ""ethnicity"": ""Kinh"",
                        ""owner_organize_name"": """",
                        ""owner_organize_code"": """",
                        ""owner_organize_issue_date"": """",
                        ""owner_organize_issued_at"": """",
                        ""owner_organize_address"": """"
                    }
                ],
                ""classes_name_company_branch"": []
            }
        }
    ],
    ""status"": 200,
    ""message"": ""thành công"",
    ""business_warning"": false,
    ""page_numbers"": 0,
    ""response_warning"": false,
    ""use_llm"": true
}",https://drive.google.com/file/d/14LRTpbmRgtZKzAhbyxXa9MSp8Njg8U_e/view?usp=sharing
57,"{
    ""uuid"": ""3fb87b32-2412-11f0-a256-b8ca3af3851a"",
    ""results"": [
        {
            ""file_name"": ""HKD_HAUDIEPVAN.jpeg"",
            ""extract_data"": {
                ""classes_name_info_invoices"": {
                    ""registration_location"": ""Ủy ban nhân dân Quận 11 Phòng kinh tế"",
                    ""business_type"": ""Hộ kinh doanh"",
                    ""business_code"": ""41K8027655"",
                    ""business_tax_code"": ""8553111771-001"",
                    ""regis_date"": ""15/01/2024"",
                    ""date_of_change"": """"
                },
                ""classes_name_info_company"": {
                    ""company_name"": ""Hộ Kinh Doanh Hầu Diệp Vân"",
                    ""company_name_vi"": ""Hộ Kinh Doanh Hầu Diệp Vân"",
                    ""company_name_en"": """",
                    ""short_name"": """",
                    ""company_address"": ""92 Đường Số 9 - Cư Xá Bình Thới, Phường 8, Quận 11, Thành phố Hồ Chí Minh, Việt Nam"",
                    ""company_phone"": ""0366602393"",
                    ""fax"": """",
                    ""email"": """",
                    ""website"": """",
                    ""business_entity"": ""Cá nhân"",
                    ""business_field"": ""Nhà hàng và các dịch vụ ăn uống phục vụ lưu động"",
                    ""business_field_id"": [
                        ""5610""
                    ],
                    ""authorized_capital"": ""20.000.000 đồng"",
                    ""authorized_capital_num"": ""20.000.000 đồng"",
                    ""authorized_capital_char"": ""Hai mươi triệu đồng"",
                    ""par_value"": """",
                    ""total_share"": """",
                    ""shares_available_for_sale"": """"
                },
                ""classes_name_key_contributior"": [],
                ""classes_name_key_legal_representative"": [],
                ""classes_name_key_company_owner_info"": [
                    {
                        ""order_number"": """",
                        ""person_name"": ""Hầu Diệp Vân"",
                        ""representative_address"": ""174/53/19 Thái Phiên, Phường 8, Quận 11, Thành phố Hồ Chí Minh, Việt Nam"",
                        ""household_address"": ""92 Đường Số 9 - Cư Xá Bình Thới, Phường 8, Quận 11, Thành phố Hồ Chí Minh, Việt Nam"",
                        ""nationality"": ""Việt Nam"",
                        ""share_type"": """",
                        ""number_of_shares"": """",
                        ""share_value"": """",
                        ""proportion"": """",
                        ""card_number"": ""079082010154"",
                        ""note"": """",
                        ""dob"": ""15/09/1982"",
                        ""issue_date"": ""12/08/2022"",
                        ""issued_at"": ""Cục cảnh sát quản lý hành chính về trật tự xã hội"",
                        ""card_type"": """",
                        ""gender"": ""Nam"",
                        ""representative_title"": """",
                        ""ethnicity"": ""Hoa"",
                        ""owner_organize_name"": """",
                        ""owner_organize_code"": """",
                        ""owner_organize_issue_date"": """",
                        ""owner_organize_issued_at"": """",
                        ""owner_organize_address"": """"
                    }
                ],
                ""classes_name_company_branch"": []
            }
        }
    ],
    ""status"": 200,
    ""message"": ""thành công"",
    ""business_warning"": false,
    ""page_numbers"": 0,
    ""response_warning"": false,
    ""use_llm"": true
}",https://drive.google.com/file/d/14LRTpbmRgtZKzAhbyxXa9MSp8Njg8U_e/view?usp=sharing
58,"{
    ""uuid"": ""6cc6a3c4-2412-11f0-a256-b8ca3af3851a"",
    ""results"": [
        {
            ""file_name"": ""HKD_HUNGDUONG.jpeg"",
            ""extract_data"": {
                ""classes_name_info_invoices"": {
                    ""registration_location"": ""UBND Quận Gò Vấp"",
                    ""business_type"": ""Hộ kinh doanh"",
                    ""business_code"": ""41M8036416"",
                    ""business_tax_code"": """",
                    ""regis_date"": ""18/04/2018"",
                    ""date_of_change"": ""26/11/2020""
                },
                ""classes_name_info_company"": {
                    ""company_name"": ""Hộ Kinh Doanh Hủ Tiếu Mì Miền Tây Hưng Dương"",
                    ""company_name_vi"": ""Hộ Kinh Doanh Hủ Tiếu Mì Miền Tây Hưng Dương"",
                    ""company_name_en"": """",
                    ""short_name"": """",
                    ""company_address"": ""341 Nguyễn Văn Khối, Phường 8, Quận Gò Vấp"",
                    ""company_phone"": ""0919703065"",
                    ""fax"": """",
                    ""email"": """",
                    ""website"": """",
                    ""business_entity"": ""Cá nhân"",
                    ""business_field"": ""Dịch vụ ăn uống (phải thực hiện đúng các quy định của pháp luật về biển hiệu, bảng quảng cáo, đất đai, xây dựng, phòng cháy chữa cháy, bảo vệ môi trường và các quy định khác của pháp luật hiện hành)."",
                    ""business_field_id"": [],
                    ""authorized_capital"": ""30.000.000 đồng"",
                    ""authorized_capital_num"": ""30.000.000 đồng"",
                    ""authorized_capital_char"": ""Ba mươi triệu đồng"",
                    ""par_value"": """",
                    ""total_share"": """",
                    ""shares_available_for_sale"": """"
                },
                ""classes_name_key_contributior"": [],
                ""classes_name_key_legal_representative"": [],
                ""classes_name_key_company_owner_info"": [
                    {
                        ""order_number"": """",
                        ""person_name"": ""Lưu Quốc Hưng"",
                        ""representative_address"": ""Hòa Bình, Hòa Bình, Bạc Liêu"",
                        ""household_address"": ""26/6A Quang Trung, Phường 8, quận Gò Vấp"",
                        ""nationality"": """",
                        ""share_type"": """",
                        ""number_of_shares"": """",
                        ""share_value"": """",
                        ""proportion"": """",
                        ""card_number"": ""385545913"",
                        ""note"": """",
                        ""dob"": ""15/07/1993"",
                        ""issue_date"": ""01/11/2016"",
                        ""issued_at"": ""Bạc Liêu"",
                        ""card_type"": ""Chứng minh nhân dân"",
                        ""gender"": ""Nam"",
                        ""representative_title"": """",
                        ""ethnicity"": ""Kinh"",
                        ""owner_organize_name"": """",
                        ""owner_organize_code"": """",
                        ""owner_organize_issue_date"": """",
                        ""owner_organize_issued_at"": """",
                        ""owner_organize_address"": """"
                    }
                ],
                ""classes_name_company_branch"": []
            }
        }
    ],
    ""status"": 200,
    ""message"": ""thành công"",
    ""business_warning"": false,
    ""page_numbers"": 0,
    ""response_warning"": false,
    ""use_llm"": true
}",https://drive.google.com/file/d/1CivS4eaLM8MQnm17IaAKCfoYRZ6XlcPk/view?usp=sharing
59,"{
    ""uuid"": ""911b045e-2412-11f0-a256-b8ca3af3851a"",
    ""results"": [
        {
            ""file_name"": ""HKD_HUYNHVANMINH.jpeg"",
            ""extract_data"": {
                ""classes_name_info_invoices"": {
                    ""registration_location"": ""UBND Thành phố Thuận An Phòng Tài Chính - Kế Hoạch"",
                    ""business_type"": ""Hộ kinh doanh"",
                    ""business_code"": ""46F8050575"",
                    ""business_tax_code"": ""8086379737-001"",
                    ""regis_date"": ""20/06/2024"",
                    ""date_of_change"": ""26/06/2024""
                },
                ""classes_name_info_company"": {
                    ""company_name"": ""Hộ Kinh Doanh Huỳnh Văn Minh"",
                    ""company_name_vi"": ""Hộ Kinh Doanh Huỳnh Văn Minh"",
                    ""company_name_en"": """",
                    ""short_name"": """",
                    ""company_address"": ""56 đường Nguyễn Văn Tiết, khu phố Đông Tư, Phường Lái Thiêu, Thành phố Thuận An, Tỉnh Bình Dương, Việt Nam"",
                    ""company_phone"": ""0908141812"",
                    ""fax"": """",
                    ""email"": """",
                    ""website"": """",
                    ""business_entity"": ""Cá nhân"",
                    ""business_field"": ""Bán lẻ theo yêu cầu đặt hàng qua bưu điện hoặc internet"",
                    ""business_field_id"": [
                        ""4791""
                    ],
                    ""authorized_capital"": ""300.000.000 đồng"",
                    ""authorized_capital_num"": ""300.000.000 đồng"",
                    ""authorized_capital_char"": ""Ba trăm triệu đồng"",
                    ""par_value"": """",
                    ""total_share"": """",
                    ""shares_available_for_sale"": """"
                },
                ""classes_name_key_contributior"": [],
                ""classes_name_key_legal_representative"": [],
                ""classes_name_key_company_owner_info"": [
                    {
                        ""order_number"": """",
                        ""person_name"": ""Huỳnh Văn Minh"",
                        ""representative_address"": ""Bình Chánh Đông, Xã Tam Bình, Huyện Cai Lậy, Tỉnh Tiền Giang, Việt Nam"",
                        ""household_address"": ""261 Ngô Chí Quốc, khu phố 2, Phường Bình Chiểu, Thành phố Thủ Đức, Thành phố Hồ Chí Minh, Việt Nam"",
                        ""nationality"": ""Việt Nam"",
                        ""share_type"": """",
                        ""number_of_shares"": """",
                        ""share_value"": """",
                        ""proportion"": """",
                        ""card_number"": ""082086000497"",
                        ""note"": """",
                        ""dob"": ""11/07/1986"",
                        ""issue_date"": ""11/03/2021"",
                        ""issued_at"": ""Cục trưởng Cục cảnh sát quản lý hành chính về trật tự xã hội"",
                        ""card_type"": """",
                        ""gender"": ""Nam"",
                        ""representative_title"": """",
                        ""ethnicity"": ""Kinh"",
                        ""owner_organize_name"": """",
                        ""owner_organize_code"": """",
                        ""owner_organize_issue_date"": """",
                        ""owner_organize_issued_at"": """",
                        ""owner_organize_address"": """"
                    }
                ],
                ""classes_name_company_branch"": []
            }
        }
    ],
    ""status"": 200,
    ""message"": ""thành công"",
    ""business_warning"": false,
    ""page_numbers"": 0,
    ""response_warning"": false,
    ""use_llm"": true
}",https://drive.google.com/file/d/1a-cOeXiH7pfOA3p5pXxBOrfRSbujDP9c/view?usp=sharing
60,"{
    ""uuid"": ""911b045e-2412-11f0-a256-b8ca3af3851a"",
    ""results"": [
        {
            ""file_name"": ""HKD_HUYNHVANMINH.jpeg"",
            ""extract_data"": {
                ""classes_name_info_invoices"": {
                    ""registration_location"": ""UBND Thành phố Thuận An Phòng Tài Chính - Kế Hoạch"",
                    ""business_type"": ""Hộ kinh doanh"",
                    ""business_code"": ""46F8050575"",
                    ""business_tax_code"": ""8086379737-001"",
                    ""regis_date"": ""20/06/2024"",
                    ""date_of_change"": ""26/06/2024""
                },
                ""classes_name_info_company"": {
                    ""company_name"": ""Hộ Kinh Doanh Huỳnh Văn Minh"",
                    ""company_name_vi"": ""Hộ Kinh Doanh Huỳnh Văn Minh"",
                    ""company_name_en"": """",
                    ""short_name"": """",
                    ""company_address"": ""56 đường Nguyễn Văn Tiết, khu phố Đông Tư, Phường Lái Thiêu, Thành phố Thuận An, Tỉnh Bình Dương, Việt Nam"",
                    ""company_phone"": ""0908141812"",
                    ""fax"": """",
                    ""email"": """",
                    ""website"": """",
                    ""business_entity"": ""Cá nhân"",
                    ""business_field"": ""Bán lẻ theo yêu cầu đặt hàng qua bưu điện hoặc internet"",
                    ""business_field_id"": [
                        ""4791""
                    ],
                    ""authorized_capital"": ""300.000.000 đồng"",
                    ""authorized_capital_num"": ""300.000.000 đồng"",
                    ""authorized_capital_char"": ""Ba trăm triệu đồng"",
                    ""par_value"": """",
                    ""total_share"": """",
                    ""shares_available_for_sale"": """"
                },
                ""classes_name_key_contributior"": [],
                ""classes_name_key_legal_representative"": [],
                ""classes_name_key_company_owner_info"": [
                    {
                        ""order_number"": """",
                        ""person_name"": ""Huỳnh Văn Minh"",
                        ""representative_address"": ""Bình Chánh Đông, Xã Tam Bình, Huyện Cai Lậy, Tỉnh Tiền Giang, Việt Nam"",
                        ""household_address"": ""261 Ngô Chí Quốc, khu phố 2, Phường Bình Chiểu, Thành phố Thủ Đức, Thành phố Hồ Chí Minh, Việt Nam"",
                        ""nationality"": ""Việt Nam"",
                        ""share_type"": """",
                        ""number_of_shares"": """",
                        ""share_value"": """",
                        ""proportion"": """",
                        ""card_number"": ""082086000497"",
                        ""note"": """",
                        ""dob"": ""11/07/1986"",
                        ""issue_date"": ""11/03/2021"",
                        ""issued_at"": ""Cục trưởng Cục cảnh sát quản lý hành chính về trật tự xã hội"",
                        ""card_type"": """",
                        ""gender"": ""Nam"",
                        ""representative_title"": """",
                        ""ethnicity"": ""Kinh"",
                        ""owner_organize_name"": """",
                        ""owner_organize_code"": """",
                        ""owner_organize_issue_date"": """",
                        ""owner_organize_issued_at"": """",
                        ""owner_organize_address"": """"
                    }
                ],
                ""classes_name_company_branch"": []
            }
        }
    ],
    ""status"": 200,
    ""message"": ""thành công"",
    ""business_warning"": false,
    ""page_numbers"": 0,
    ""response_warning"": false,
    ""use_llm"": true
}",https://drive.google.com/file/d/1a-cOeXiH7pfOA3p5pXxBOrfRSbujDP9c/view?usp=sharing
61,"{
    ""uuid"": ""b60b839c-2412-11f0-a256-b8ca3af3851a"",
    ""results"": [
        {
            ""file_name"": ""HKD_LEANHTUAN.jpg"",
            ""extract_data"": {
                ""classes_name_info_invoices"": {
                    ""registration_location"": ""UBND Huyện Krông Búk Phòng Tài Chính - Kế Hoạch"",
                    ""business_type"": ""Hộ kinh doanh"",
                    ""business_code"": ""40E8006860"",
                    ""business_tax_code"": ""8370999870"",
                    ""regis_date"": ""07/01/2021"",
                    ""date_of_change"": ""04/05/2024""
                },
                ""classes_name_info_company"": {
                    ""company_name"": ""Hộ Kinh Doanh Lê Anh Tuấn"",
                    ""company_name_vi"": ""Hộ Kinh Doanh Lê Anh Tuấn"",
                    ""company_name_en"": """",
                    ""short_name"": """",
                    ""company_address"": ""TDP 14, Thị trấn Pơng Drang, Huyện Krông Búk, Tỉnh Đắk Lắk, Việt Nam"",
                    ""company_phone"": ""0339274796"",
                    ""fax"": """",
                    ""email"": """",
                    ""website"": """",
                    ""business_entity"": ""Cá nhân"",
                    ""business_field"": ""Hoạt động dịch vụ trồng trọt, Bán buôn chuyên doanh khác chưa được phân vào đâu (Mua bán thuốc bảo vệ thực vật, phân bón)"",
                    ""business_field_id"": [
                        ""0161"",
                        ""4669""
                    ],
                    ""authorized_capital"": ""100.000.000 đồng"",
                    ""authorized_capital_num"": ""100.000.000 đồng"",
                    ""authorized_capital_char"": ""Một trăm triệu đồng"",
                    ""par_value"": """",
                    ""total_share"": """",
                    ""shares_available_for_sale"": """"
                },
                ""classes_name_key_contributior"": [],
                ""classes_name_key_legal_representative"": [],
                ""classes_name_key_company_owner_info"": [
                    {
                        ""order_number"": """",
                        ""person_name"": ""Lê Anh Tuấn"",
                        ""representative_address"": ""Thôn Thanh ly II, Xã Bình Nguyên, Huyện Thăng Bình, Tỉnh Quảng Nam, Việt Nam"",
                        ""household_address"": ""TDP 14, Thị trấn Pơng Drang, Huyện Krông Búk, Tỉnh Đắk Lắk, Việt Nam"",
                        ""nationality"": ""Việt Nam"",
                        ""share_type"": """",
                        ""number_of_shares"": """",
                        ""share_value"": """",
                        ""proportion"": """",
                        ""card_number"": ""049096017030"",
                        ""note"": """",
                        ""dob"": ""30/08/1996"",
                        ""issue_date"": ""26/02/2022"",
                        ""issued_at"": ""Cục trưởng cục cảnh sát quản lý hành chính về TTXH"",
                        ""card_type"": """",
                        ""gender"": ""Nam"",
                        ""representative_title"": """",
                        ""ethnicity"": ""Kinh"",
                        ""owner_organize_name"": """",
                        ""owner_organize_code"": """",
                        ""owner_organize_issue_date"": """",
                        ""owner_organize_issued_at"": """",
                        ""owner_organize_address"": """"
                    }
                ],
                ""classes_name_company_branch"": []
            }
        }
    ],
    ""status"": 200,
    ""message"": ""thành công"",
    ""business_warning"": false,
    ""page_numbers"": 0,
    ""response_warning"": false,
    ""use_llm"": true
}",https://drive.google.com/file/d/1oYOwrKD9QxZXB2Zzp97mxeNfo1Ytj022/view?usp=sharing
62,"{
    ""uuid"": ""dbc8781a-2412-11f0-a256-b8ca3af3851a"",
    ""results"": [
        {
            ""file_name"": ""HKD_LINISIN.png"",
            ""extract_data"": {
                ""classes_name_info_invoices"": {
                    ""registration_location"": ""UBND Thành phố Trà Vinh"",
                    ""business_type"": ""Hộ kinh doanh"",
                    ""business_code"": ""58A8015107"",
                    ""business_tax_code"": ""8291592377-001"",
                    ""regis_date"": ""13/08/2024"",
                    ""date_of_change"": """"
                },
                ""classes_name_info_company"": {
                    ""company_name"": ""HỘ KINH DOANH CỬA HÀNG LINISEN"",
                    ""company_name_vi"": ""HỘ KINH DOANH CỬA HÀNG LINISEN"",
                    ""company_name_en"": """",
                    ""short_name"": """",
                    ""company_address"": ""A17-42 đường D11, khu dân cư Hoàng Quân, Phường 4, Thành phố Trà Vinh, Tỉnh Trà Vinh, Việt Nam"",
                    ""company_phone"": ""0947139159"",
                    ""fax"": """",
                    ""email"": """",
                    ""website"": """",
                    ""business_entity"": ""Cá nhân"",
                    ""business_field"": ""Bán lẻ hàng may mặc, giày dép, hàng da và giả da trong các cửa hàng chuyên doanh (Chi tiết: Bán lẻ hàng may mặc trong các cửa hàng chuyên doanh.)"",
                    ""business_field_id"": [
                        ""4771""
                    ],
                    ""authorized_capital"": ""10.000.000 đồng"",
                    ""authorized_capital_num"": ""10.000.000 đồng"",
                    ""authorized_capital_char"": ""Mười triệu đồng"",
                    ""par_value"": """",
                    ""total_share"": """",
                    ""shares_available_for_sale"": """"
                },
                ""classes_name_key_contributior"": [],
                ""classes_name_key_legal_representative"": [],
                ""classes_name_key_company_owner_info"": [
                    {
                        ""order_number"": """",
                        ""person_name"": ""LÊ THỊ THU HÀ"",
                        ""representative_address"": ""A17-42 đường D11, khu dân cư Hoàng Quân, Phường 4, Thành phố Trà Vinh, Tỉnh Trà Vinh, Việt Nam"",
                        ""household_address"": ""A17-42 đường D11, khu dân cư Hoàng Quân, Phường 4, Thành phố Trà Vinh, Tỉnh Trà Vinh, Việt Nam"",
                        ""nationality"": ""Việt Nam"",
                        ""share_type"": """",
                        ""number_of_shares"": """",
                        ""share_value"": """",
                        ""proportion"": """",
                     ""card_number"": ""084089007891"",   
                        ""note"": """",
                        ""dob"": ""23/09/1989"",
                        ""issue_date"": ""08/09/2022"",
                        ""issued_at"": ""Cục cảnh sát quản lý hành chính về trật tự xã hội"",
                        ""card_type"": """",
                        ""gender"": ""Nam"",
                        ""representative_title"": """",
                        ""ethnicity"": ""Kinh"",
                        ""owner_organize_name"": """",
                        ""owner_organize_code"": """",
                        ""owner_organize_issue_date"": """",
                        ""owner_organize_issued_at"": """",
                        ""owner_organize_address"": """"
                    }
                ],
                ""classes_name_company_branch"": []
            }
        }
    ],
    ""status"": 200,
    ""message"": ""thành công"",
    ""business_warning"": false,
    ""page_numbers"": 0,
    ""response_warning"": false,
    ""use_llm"": true
}",https://drive.google.com/file/d/1I0cBZyGeR1rpiqErc6laya8qmjmT6RYU/view?usp=sharing
63,"
{
    ""uuid"": ""1076731e-2413-11f0-a256-b8ca3af3851a"",
    ""results"": [
        {
            ""file_name"": ""HKD_NGUYENTHITUYETCHINH.jpg"",
            ""extract_data"": {
                ""classes_name_info_invoices"": {
                    ""registration_location"": ""UBND Thành phố Cẩm Phả"",
                    ""business_type"": ""Hộ kinh doanh"",
                    ""business_code"": ""22B8012112"",
                    ""business_tax_code"": ""8091261314"",
                    ""regis_date"": ""13/03/2018"",
                    ""date_of_change"": ""02/01/2025""
                },
                ""classes_name_info_company"": {
                    ""company_name"": ""Hộ Kinh Doanh Nguyễn Thị Tuyết Chinh"",
                    ""company_name_vi"": ""Hộ Kinh Doanh Nguyễn Thị Tuyết Chinh"",
                    ""company_name_en"": """",
                    ""short_name"": """",
                    ""company_address"": ""Số nhà 434, đường Lý Thường Kiệt, tổ 66, khu 6, Phường Cửa Ông, Thành phố Cẩm Phả, Tỉnh Quảng Ninh, Việt Nam"",
                    ""company_phone"": ""0359504716"",
                    ""fax"": """",
                    ""email"": """",
                    ""website"": """",
                    ""business_entity"": ""Cá nhân"",
                    ""business_field"": ""Bán lẻ thực phẩm trong các cửa hàng chuyên doanh, Bán lẻ thuốc, dụng cụ y tế, mỹ phảm và vật phẩm vệ sinh trong các cửa hàng chuyên doanh, Bán buôn thực phẩm, Bán lẻ đồ uống trong các cửa hàng chuyên doanh, Bán lẻ sản phẩm thuốc lá, thuốc lào trong các cửa hàng chuyên doanh"",
                    ""business_field_id"": [
                        ""4722"",
			""4772"",
                        ""4723"",
                        ""4724"",
                        ""4632""
                    ],
                    ""authorized_capital"": ""30.000.000 đồng"",
                    ""authorized_capital_num"": ""30.000.000 đồng"",
                    ""authorized_capital_char"": ""Ba mươi triệu đồng"",
                    ""par_value"": """",
                    ""total_share"": """",
                    ""shares_available_for_sale"": """"
                },
                ""classes_name_key_contributior"": [],
                ""classes_name_key_legal_representative"": [],
                ""classes_name_key_company_owner_info"": [
                    {
                        ""order_number"": """",
                        ""person_name"": ""Nguyễn Thị Tuyết Chinh"",
                        ""representative_address"": """",
                        ""household_address"": """",
                        ""nationality"": ""Việt Nam"",
                        ""share_type"": """",
                        ""number_of_shares"": """",
                        ""share_value"": """",
                        ""proportion"": """",
                        ""card_number"": """",
                        ""note"": """",
                        ""dob"": ""15/05/1990"",
                        ""issue_date"": """",
                        ""issued_at"": """",
                        ""card_type"": """",
                        ""gender"": ""Nữ"",
                        ""representative_title"": """",
                        ""ethnicity"": ""Kinh"",
                        ""owner_organize_name"": """",
                        ""owner_organize_code"": """",
                        ""owner_organize_issue_date"": """",
                        ""owner_organize_issued_at"": """",
                        ""owner_organize_address"": """"
                    }
                ],
                ""classes_name_company_branch"": []
            }
        }
    ],
    ""status"": 200,
    ""message"": ""thành công"",
    ""business_warning"": false,
    ""page_numbers"": 0,
    ""response_warning"": false,
    ""use_llm"": true
}",https://drive.google.com/file/d/1S5VehASoVdIa-xPmel-NTAGGXRqZocrL/view?usp=sharing
64,"{
    ""uuid"": ""edee43b2-2412-11f0-a256-b8ca3af3851a"",
    ""results"": [
        {
            ""file_name"": ""HKD_LOCPHAT.jpeg"",
            ""extract_data"": {
                ""classes_name_info_invoices"": {
                    ""registration_location"": ""ỦY BAN NHÂN DÂN HUYỆN HÓC MÔN"",
                    ""business_type"": ""Hộ kinh doanh"",
                    ""business_code"": ""41S8024904"",
                    ""business_tax_code"": """",
                    ""regis_date"": ""03/06/2019"",
                    ""date_of_change"": """"
                },
                ""classes_name_info_company"": {
                    ""company_name"": ""HỘ KINH DOANH LỘC PHÁT"",
                    ""company_name_vi"": """",
                    ""company_name_en"": """",
                    ""short_name"": """",
                    ""company_address"": ""92/4 ấp Vạn Hạnh, xã Trung Chánh, huyện Hóc Môn"",
                    ""company_phone"": ""0376441133"",
                    ""fax"": """",
                    ""email"": """",
                    ""website"": """",
                    ""business_entity"": """",
                    ""business_field"": ""Quán ăn uống: mì cay, thức ăn nhanh, đồ uống giải khát"",
                    ""business_field_id"": [],
                    ""authorized_capital"": ""20.000.000 đồng"",
                    ""authorized_capital_num"": ""20.000.000 đồng"",
                    ""authorized_capital_char"": """",
                    ""par_value"": """",
                    ""total_share"": """",
                    ""shares_available_for_sale"": """"
                },
                ""classes_name_key_contributior"": [],
                ""classes_name_key_legal_representative"": [],
                ""classes_name_key_company_owner_info"": [
                    {
                        ""order_number"": """",
                        ""person_name"": ""PHAN HỮU LỘC"",
                        ""representative_address"": ""51/5D ấp Tam Đông 3, xã Thới Tam Thôn, huyện Hóc Môn"",
                        ""household_address"": ""51/5D ấp Tam Đông 3, xã Thới Tam Thôn, huyện Hóc Môn"",
                        ""nationality"": ""Việt Nam"",
                        ""share_type"": """",
                        ""number_of_shares"": """",
                        ""share_value"": """",
                        ""proportion"": """",
                        ""card_number"": ""024217348"",
                        ""note"": """",
                        ""dob"": ""07/04/1989"",
                        ""issue_date"": ""06/01/2012"",
                        ""issued_at"": ""CA TP Hồ Chí Minh"",
                        ""card_type"": """",
                        ""gender"": ""Nam"",
                        ""representative_title"": """",
                        ""ethnicity"": ""Kinh"",
			""owner_organize_name"": """",
                        ""owner_organize_code"": """",
                        ""owner_organize_issue_date"": """",
                        ""owner_organize_issued_at"": """",
                        ""owner_organize_address"": """"
                    }
                ],
                ""classes_name_company_branch"": []
            }
        }
    ],
    ""status"": 200,
    ""message"": ""thành công"",
    ""business_warning"": false,
    ""page_numbers"": 0,
    ""response_warning"": false,
    ""use_llm"": true
}",https://drive.google.com/file/d/1QiRBYXPtXD1l4-8ayeWKWlavytYTBVMX/view?usp=sharing
65,"{
    ""uuid"": ""350c799e-2413-11f0-a256-b8ca3af3851a"",
    ""results"": [
        {
            ""file_name"": ""HKD_NTV.jpg"",
            ""extract_data"": {
                ""classes_name_info_invoices"": {
                    ""registration_location"": ""UBND Huyện Thủy Nguyên"",
                    ""business_type"": ""Hộ kinh doanh"",
                    ""business_code"": ""02F8013436"",
                    ""business_tax_code"": """",
                    ""regis_date"": ""06/12/2016"",
                    ""date_of_change"": ""27/09/2021""
                },
                ""classes_name_info_company"": {
                    ""company_name"": ""Nguyễn Thế Việt"",
                    ""company_name_vi"": """",
                    ""company_name_en"": """",
                    ""short_name"": """",
                    ""company_address"": ""Thôn Bồ Đề - Thủy Đường - Thủy Nguyên - Hải Phòng"",
                    ""company_phone"": """",
                    ""fax"": """",
                    ""email"": """",
                    ""website"": """",
                    ""business_entity"": """",
                    ""business_field"": ""Kinh doanh hoá mỹ phẩm và hàng tạp hoá"",
                    ""business_field_id"": [],
                    ""authorized_capital"": ""50,000,000 đồng"",
                    ""authorized_capital_num"": ""50,000,000 đồng"",
                    ""authorized_capital_char"": ""Năm mươi triệu đồng chẵn"",
                    ""par_value"": """",
                    ""total_share"": """",
                    ""shares_available_for_sale"": """"
                },
                ""classes_name_key_contributior"": [],
                ""classes_name_key_legal_representative"": [],
                ""classes_name_key_company_owner_info"": [
                    {
                        ""order_number"": """",
                        ""person_name"": ""Nguyễn Thế Việt"",
                        ""representative_address"": ""Mỹ Đồng - Thủy Nguyên - Hải Phòng"",
                        ""household_address"": ""Mỹ Đồng - Thủy Nguyên - Hải Phòng"",
                        ""nationality"": """",
                        ""share_type"": """",
                        ""number_of_shares"": """",
                        ""share_value"": """",
                        ""proportion"": """",
                        ""card_number"": ""031524339"",
                        ""note"": """",
                        ""dob"": ""11/11/1986"",
                        ""issue_date"": ""06/09/2003"",
                        ""issued_at"": ""Công an Hải Phòng"",
                        ""card_type"": """",
                        ""gender"": ""Nam"",
                        ""representative_title"": """",
                        ""ethnicity"": ""Kinh"",
                        ""owner_organize_name"": """",
                        ""owner_organize_code"": """",
                        ""owner_organize_issue_date"": """",
                        ""owner_organize_issued_at"": """",
                        ""owner_organize_address"": """"
                    }
                ],
                ""classes_name_company_branch"": []
            }
        }
    ],
    ""status"": 200,
    ""message"": ""thành công"",
    ""business_warning"": false,
    ""page_numbers"": 0,
    ""response_warning"": false,
    ""use_llm"": true
}",https://drive.google.com/file/d/1tkgBhVbRpKw_3tF0psVFtNfQOF-4eZ5Z/view?usp=sharing
66,"{
    ""uuid"": ""46537f36-2413-11f0-a256-b8ca3af3851a"",
    ""results"": [
        {
            ""file_name"": ""HKD_OCDIEP.jpg"",
            ""extract_data"": {
                ""classes_name_info_invoices"": {
                    ""registration_location"": ""ỦY BAN NHÂN DÂN QUẬN 12 PHÒNG TÀI CHÍNH - KẾ HOẠCH"",
                    ""business_type"": ""Hộ kinh doanh"",
                    ""business_code"": ""41L8038043"",
                    ""business_tax_code"": ""8619009154-001"",
                    ""regis_date"": ""30/06/2023"",
                    ""date_of_change"": ""01/01/2025""
                },
                ""classes_name_info_company"": {
                    ""company_name"": ""HỘ KINH DOANH ỐC DIỆP"",
                    ""company_name_vi"": ""HỘ KINH DOANH ỐC DIỆP"",
                    ""company_name_en"": """",
                    ""short_name"": """",
                    ""company_address"": ""551/156 Lê Văn Khương, khu phố 7, Phường Hiệp Thành, Quận 12, Thành phố Hồ Chí Minh, Việt Nam"",
                    ""company_phone"": ""0914844858"",
                    ""fax"": """",
                    ""email"": ""cattuong144077@gmail.com"",
                    ""website"": """",
                    ""business_entity"": """",
                    ""business_field"": ""Nhà hàng và các dịch vụ ăn uống phục vụ lưu động (Chi tiết: Bán quán ăn, thức ăn nhanh, nước giải khát (bán lẻ bia, rượu tiêu dùng tại chỗ))"",
                    ""business_field_id"": [
                        ""5610""
                    ],
                    ""authorized_capital"": ""10.000.000 đồng"",
                    ""authorized_capital_num"": ""10.000.000 đồng"",
                    ""authorized_capital_char"": ""Mười triệu đồng"",
                    ""par_value"": """",
                    ""total_share"": """",
                    ""shares_available_for_sale"": """"
                },
                ""classes_name_key_contributior"": [],
                ""classes_name_key_legal_representative"": [],
                ""classes_name_key_company_owner_info"": [
                    {
                        ""order_number"": """",
                        ""person_name"": ""PHAN NGUYỄN ĐÔNG BÌNH"",
                        ""representative_address"": ""113, TCH08, Phường Tân Chánh Hiệp, Quận 12, Thành phố Hồ Chí Minh, Việt Nam"",
                        ""household_address"": ""113, TCH08, Phường Tân Chánh Hiệp, Quận 12, Thành phố Hồ Chí Minh, Việt Nam"",
                        ""nationality"": ""Việt Nam"",
                        ""share_type"": """",
                        ""number_of_shares"": """",
                        ""share_value"": """",
                        ""proportion"": """",
                        ""card_number"": ""079303011704"",
                        ""note"": """",
                        ""dob"": ""06/03/2003"",
                        ""issue_date"": ""29/09/2022"",
                        ""issued_at"": ""Cục cảnh sát QLHC về trật tự xã hội"",
                        ""card_type"": """",
                        ""gender"": ""Nữ"",
                        ""representative_title"": """",
                        ""ethnicity"": ""Kinh"",
                        ""owner_organize_name"": """",
                        ""owner_organize_code"": """",
                        ""owner_organize_issue_date"": """",
                        ""owner_organize_issued_at"": """",
                        ""owner_organize_address"": """"
                    }
                ],
                ""classes_name_company_branch"": []
            }
        }
    ],
    ""status"": 200,
    ""message"": ""thành công"",
    ""business_warning"": false,
    ""page_numbers"": 0,
    ""response_warning"": false,
    ""use_llm"": true
}",https://drive.google.com/file/d/1vx8WW-99LzDpeXCGzcNjr4e11XeA1NGr/view?usp=sharing
67,"{
    ""uuid"": ""83af7cea-2413-11f0-a256-b8ca3af3851a"",
    ""results"": [
        {
            ""file_name"": ""HKD_PHAMKIMTUYEN.jpg"",
            ""extract_data"": {
                ""classes_name_info_invoices"": {
                    ""registration_location"": ""UBND Huyện Hải Hậu"",
                    ""business_type"": ""Hộ kinh doanh"",
                    ""business_code"": ""07J8 005054"",
                    ""business_tax_code"": """",
                    ""regis_date"": ""21/01/2019"",
                    ""date_of_change"": """"
                },
                ""classes_name_info_company"": {
                    ""company_name"": ""PHẠM KIM TUYẾN"",
                    ""company_name_vi"": """",
                    ""company_name_en"": """",
                    ""short_name"": """",
                    ""company_address"": ""Xóm 13 - Hải Anh - Hải Hậu - Nam Định"",
                    ""company_phone"": """",
                    ""fax"": """",
                    ""email"": """",
                    ""website"": """",
                    ""business_entity"": """",
                    ""business_field"": ""Gạch ốp, lát, thiết bị vệ sinh."",
                    ""business_field_id"": [],
                    ""authorized_capital"": ""100,000,000 VND"",
                    ""authorized_capital_num"": ""100,000,000 VND"",
                    ""authorized_capital_char"": ""Một trăm triệu đồng"",
                    ""par_value"": """",
                    ""total_share"": """",
                    ""shares_available_for_sale"": """"
                },
                ""classes_name_key_contributior"": [],
                ""classes_name_key_legal_representative"": [],
                ""classes_name_key_company_owner_info"": [
				{
                        ""order_number"": """",
                        ""person_name"": ""PHẠM KIM TUYẾN"",
                        ""representative_address"": ""Hải Anh - Hải Hậu - Nam Định"",
                        ""household_address"": ""Xóm 13 - Hải Anh - Hải Hậu - Nam Định"",
                        ""nationality"": ""Việt Nam"",
                        ""share_type"": """",
                        ""number_of_shares"": """",
                        ""share_value"": """",
                        ""proportion"": """",
                        ""card_number"": ""036079006225"",
                        ""note"": """",
                        ""dob"": ""1979"",
                        ""issue_date"": ""24/05/2018"",
                        ""issued_at"": ""Cục Cảnh sát ĐKQL cư trú và DLQG về dân cư"",
                        ""card_type"": ""Căn cước công dân"",
                        ""gender"": ""Nam"",
                        ""representative_title"": """",
                        ""ethnicity"": ""Kinh"",
                        ""owner_organize_name"": """",
                        ""owner_organize_code"": """",
                        ""owner_organize_issue_date"": """",
                        ""owner_organize_issued_at"": """",
                        ""owner_organize_address"": """"
                    }
				],
                ""classes_name_company_branch"": []
            }
        }
    ],
    ""status"": 200,
    ""message"": ""thành công"",
    ""business_warning"": false,
    ""page_numbers"": 0,
    ""response_warning"": false,
    ""use_llm"": true
}",https://drive.google.com/file/d/1J1cuO16JC0IZp4d3J7KzfxJHJDc-riyY/view?usp=sharing
68,"{
    ""uuid"": ""ab18be5e-2413-11f0-a256-b8ca3af3851a"",
    ""results"": [
        {
            ""file_name"": ""HKD_PHAMTHIKIMCUC15F.jpeg"",
            ""extract_data"": {
                ""classes_name_info_invoices"": {
                    ""registration_location"": ""ỦY BAN NHÂN DÂN QUẬN 1 PHÒNG TÀI CHÍNH - KẾ HOẠCH"",
                    ""business_type"": ""Hộ kinh doanh"",
                    ""business_code"": ""41A8054429"",
                    ""business_tax_code"": ""8037320949-002"",
                    ""regis_date"": ""24/04/2024"",
                    ""date_of_change"": ""08/01/2025""
                },
                ""classes_name_info_company"": {
                    ""company_name"": ""HỘ KINH DOANH PHẠM THỊ KIM CÚC 15F"",
                    ""company_name_vi"": ""HỘ KINH DOANH PHẠM THỊ KIM CÚC 15F"",
                    ""company_name_en"": """",
                    ""short_name"": """",
                    ""company_address"": ""Gian 15F, Số 77-89 Nam Kỳ Khởi Nghĩa, Phường Bến Thành, Quận 1, Thành phố Hồ Chí Minh, Việt Nam"",
                    ""company_phone"": ""0906748860"",
                    ""fax"": """",
                    ""email"": """",
                    ""website"": """",
                    ""business_entity"": ""Cá nhân"",
                    ""business_field"": ""Bán lẻ hàng may mặc, giày dép, hàng da và giả da trong các cửa hàng chuyên doanh (Chi tiết: Bán lẻ túi xách), Cho thuê xe có động cơ (Chi tiết: Cho thuê xe du lịch), Nhà hàng và các dịch vụ ăn uống phục vụ lưu động"",
                    ""business_field_id"": [
                        ""4771"",
                        ""7710"",
                        ""5610""
                    ],
                    ""authorized_capital"": ""50.000.000 đồng"",
                    ""authorized_capital_num"": ""50.000.000 đồng"",
                    ""authorized_capital_char"": ""Năm mươi triệu đồng"",
                    ""par_value"": """",
                    ""total_share"": """",
                    ""shares_available_for_sale"": """"
                },
                ""classes_name_key_contributior"": [],
                ""classes_name_key_legal_representative"": [],
                ""classes_name_key_company_owner_info"": [
                    {
                        ""order_number"": """",
                        ""person_name"": ""PHẠM THỊ KIM CÚC"",
                        ""representative_address"": ""Tổ 5 ấp 7, Xã Thanh Sơn, Huyện Định Quán, Tỉnh Đồng Nai, Việt Nam"",
                        ""household_address"": ""Tổ 5 ấp 7, Xã Thanh Sơn, Huyện Định Quán, Tỉnh Đồng Nai, Việt Nam"",
                        ""nationality"": ""Việt Nam"",
                        ""share_type"": """",
                        ""number_of_shares"": """",
                        ""share_value"": """",
                        ""proportion"": """",
                        ""card_number"": ""075189019271"",
                        ""note"": """",
                        ""dob"": ""15/06/1989"",
                        ""issue_date"": ""31/01/2022"",
                        ""issued_at"": ""Cục cảnh sát quản lý hành chính về trật tự xã hội"",
                        ""card_type"": """",
                        ""gender"": ""Nữ"",
                        ""representative_title"": """",
                        ""ethnicity"": ""Kinh"",
                        ""owner_organize_name"": """",
                        ""owner_organize_code"": """",
                        ""owner_organize_issue_date"": """",
                        ""owner_organize_issued_at"": """",
                        ""owner_organize_address"": """"
                    }
                ],
                ""classes_name_company_branch"": []
            }
        }
    ],
    ""status"": 200,
    ""message"": ""thành công"",
    ""business_warning"": false,
    ""page_numbers"": 0,
    ""response_warning"": false,
    ""use_llm"": true
}",https://drive.google.com/file/d/1qb04aXLpddREXKqJZ3hsqiKA1GR1Ta3g/view?usp=sharing
69,"{
    ""uuid"": ""db895904-2413-11f0-a256-b8ca3af3851a"",
    ""results"": [
        {
            ""file_name"": ""HKD_TAPHOACHIP.jpeg"",
            ""extract_data"": {
                ""classes_name_info_invoices"": {
                    ""registration_location"": ""UBND Thành Phố Dĩ An Phòng Tài Chính - Kế Hoạch"",
                    ""business_type"": ""Hộ kinh doanh"",
                    ""business_code"": ""46G8036589"",
                    ""business_tax_code"": """",
                    ""regis_date"": ""07/10/2021"",
                    ""date_of_change"": ""14/04/2022""
                },
                ""classes_name_info_company"": {
                    ""company_name"": ""Tạp Hóa Nhà Chip"",
                    ""company_name_vi"": ""Tạp Hóa Nhà Chip"",
                    ""company_name_en"": """",
                    ""short_name"": """",
                    ""company_address"": ""7/32 Xuân Diệu, khu phố Đông A, Phường Đông Hòa, Thành phố Dĩ An, tỉnh Bình Dương"",
                    ""company_phone"": ""0948971772"",
                    ""fax"": """",
                    ""email"": """",
                    ""website"": """",
                    ""business_entity"": """",
                    ""business_field"": ""Mua bán tạp hóa. Dịch vụ ăn uống."",
                    ""business_field_id"": [],
                    ""authorized_capital"": ""30.000.000 đồng"",
                    ""authorized_capital_num"": ""30.000.000 đồng"",
                    ""authorized_capital_char"": ""Ba mươi triệu đồng"",
                    ""par_value"": """",
                    ""total_share"": """",
                    ""shares_available_for_sale"": """"
                },
                ""classes_name_key_contributior"": [],
                ""classes_name_key_legal_representative"": [],
                ""classes_name_key_company_owner_info"": [
                    {
                        ""order_number"": """",
                        ""person_name"": ""Phạm Thị Mỹ Trinh"",
                        ""representative_address"": ""7/32 Xuân Diệu, khu phố Đông A, Phường Đông Hòa, Thành phố Dĩ An, tỉnh Bình Dương"",
                        ""household_address"": ""7/32 Xuân Diệu, khu phố Đông A, Phường Đông Hòa, Thành phố Dĩ An, tỉnh Bình Dương"",
                        ""nationality"": ""Việt Nam"",
                        ""share_type"": """",
                        ""number_of_shares"": """",
                        ""share_value"": """",
                        ""proportion"": """",
                        ""card_number"": ""074194007950"",
                        ""note"": """",
                        ""dob"": ""24/12/1994"",
                        ""issue_date"": ""11/08/2021"",
                        ""issued_at"": ""Cục Cảnh sát"",
                        ""card_type"": """",
                        ""gender"": ""Nữ"",
                        ""representative_title"": """",
                        ""ethnicity"": ""Kinh"",
                        ""owner_organize_name"": """",
                        ""owner_organize_code"": """",
                        ""owner_organize_issue_date"": """",
                        ""owner_organize_issued_at"": """",
                        ""owner_organize_address"": """"
                    }
                ],
                ""classes_name_company_branch"": []
            }
        }
    ],
    ""status"": 200,
    ""message"": ""thành công"",
    ""business_warning"": false,
    ""page_numbers"": 0,
    ""response_warning"": false,
    ""use_llm"": true
}",https://drive.google.com/file/d/1rgwFVJ7cwoGvINZLKiFxxcZy3bZULhjb/view?usp=sharing
70,"{
    ""uuid"": ""135dc81a-2414-11f0-a256-b8ca3af3851a"",
    ""results"": [
        {
            ""file_name"": ""HKD_TOANDU.jpg"",
            ""extract_data"": {
                ""classes_name_info_invoices"": {
                    ""registration_location"": ""UBND Huyện Châu Thành A"",
                    ""business_type"": ""Hộ kinh doanh"",
                    ""business_code"": ""64D8007823"",
                    ""business_tax_code"": """",
                    ""regis_date"": ""12/03/2020"",
                    ""date_of_change"": ""07/03/2023""
                },
                ""classes_name_info_company"": {
                    ""company_name"": ""Hộ Kinh Doanh Toàn Dư"",
                    ""company_name_vi"": ""Hộ Kinh Doanh Toàn Dư"",
                    ""company_name_en"": """",
                    ""short_name"": """",
                    ""company_address"": ""Đường Nguyễn Việt Dũng, ấp 1B, thị trấn Một Ngàn, huyện Châu Thành A, tỉnh Hậu Giang"",
                    ""company_phone"": ""0939.565.179"",
                    ""fax"": """",
                    ""email"": """",
                    ""website"": """",
                    ""business_entity"": ""Cá nhân"",
                    ""business_field"": ""Cửa hàng mua bán vật liệu đóng trần nhà (thạch cao, la phông, mêca)"",
                    ""business_field_id"": [
                        ""46499""
                    ],
                    ""authorized_capital"": ""10.000.000 đ"",
                    ""authorized_capital_num"": ""10.000.000 đ"",
                    ""authorized_capital_char"": ""Mười triệu đồng"",
                    ""par_value"": """",
                    ""total_share"": """",
                    ""shares_available_for_sale"": """"
                },
                ""classes_name_key_contributior"": [],
                ""classes_name_key_legal_representative"": [],
                ""classes_name_key_company_owner_info"": [
                    {
                        ""order_number"": """",
                        ""person_name"": ""Phạm Văn Toàn"",
                        ""representative_address"": ""Ấp 1B, xã Tân Hòa, huyện Châu Thành A, tỉnh Hậu Giang"",
                        ""household_address"": ""Ấp 1B, xã Tân Hòa, huyện Châu Thành A, tỉnh Hậu Giang"",
                        ""nationality"": ""Việt Nam"",
                        ""share_type"": """",
                        ""number_of_shares"": """",
                        ""share_value"": """",
                        ""proportion"": """",
                        ""card_number"": ""093091000756"",
                        ""note"": """",
                        ""dob"": ""06/06/1991"",
                        ""issue_date"": ""13/04/2021"",
                        ""issued_at"": ""Cục cảnh sát QLHC về TTXH"",
                        ""card_type"": ""Căn cước công dân"",
                        ""gender"": ""Nam"",
                        ""representative_title"": """",
                        ""ethnicity"": ""Kinh"",
                        ""owner_organize_name"": """",
                        ""owner_organize_code"": """",
                        ""owner_organize_issue_date"": """",
                        ""owner_organize_issued_at"": """",
                        ""owner_organize_address"": """"
                    }
                ],
                ""classes_name_company_branch"": []
            }
        }
    ],
    ""status"": 200,
    ""message"": ""thành công"",
    ""business_warning"": false,
    ""page_numbers"": 0,
    ""response_warning"": false,
    ""use_llm"": true
}",https://drive.google.com/file/d/1HlWPDqx-rK532kWU494J_JhNh1pAXPtI/view?usp=sharing
71,"{
    ""uuid"": ""251313b2-2414-11f0-a256-b8ca3af3851a"",
    ""results"": [
        {
            ""file_name"": ""HKD_TRANGBANH.jpeg"",
            ""extract_data"": {
                ""classes_name_info_invoices"": {
                    ""registration_location"": ""UBND Quận Tân Phú"",
                    ""business_type"": ""Hộ kinh doanh"",
                    ""business_code"": ""41X8040245"",
                    ""business_tax_code"": """",
                    ""regis_date"": ""12/05/2021"",
                    ""date_of_change"": """"
                },
                ""classes_name_info_company"": {
                    ""company_name"": ""HỘ KINH DOANH BÁNH CANH TRẢNG BÀNG"",
                    ""company_name_vi"": """",
                    ""company_name_en"": """",
                    ""short_name"": """",
                    ""company_address"": ""425 Âu Cơ phường Phú Trung quận Tân Phú"",
                    ""company_phone"": ""0902663323"",
                    ""fax"": """",
                    ""email"": """",
                    ""website"": """",
                    ""business_entity"": ""Cá nhân"",
                    ""business_field"": ""Dịch vụ ăn uống"",
                    ""business_field_id"": [],
                    ""authorized_capital"": ""30.000.000 đồng"",
                    ""authorized_capital_num"": ""30.000.000 đồng"",
                    ""authorized_capital_char"": """",
                    ""par_value"": """",
                    ""total_share"": """",
                    ""shares_available_for_sale"": """"
                },
                ""classes_name_key_contributior"": [],
                ""classes_name_key_legal_representative"": [],
                ""classes_name_key_company_owner_info"": [
                    {
                        ""order_number"": """",
                        ""person_name"": ""HỒ TRIỂN LIÊM"",
                        ""representative_address"": ""107B/014 Trần Hưng Đạo Phường 6 Quận 5"",
                        ""household_address"": ""107B/014 Trần Hưng Đạo Phường 6 Quận 5"",
                        ""nationality"": ""Việt Nam"",
                        ""share_type"": """",
                        ""number_of_shares"": """",
                        ""share_value"": """",
                        ""proportion"": """",
                        ""card_number"": ""023091969"",
                        ""note"": """",
                        ""dob"": ""17/10/1976"",
                        ""issue_date"": ""12/12/2012"",
                        ""issued_at"": ""Công an Tp.HCM"",
                        ""card_type"": ""CMND/Căn cước công dân (hoặc Hộ chiếu)"",
                        ""gender"": ""Nam"",
                        ""representative_title"": """",
                        ""ethnicity"": ""Hoa"",
			""owner_organize_name"": """",
                        ""owner_organize_code"": """",
                        ""owner_organize_issue_date"": """",
                        ""owner_organize_issued_at"": """",
                        ""owner_organize_address"": """"
                    }
                ],
                ""classes_name_company_branch"": []
            }
        }
    ],
    ""status"": 200,
    ""message"": ""thành công"",
    ""business_warning"": false,
    ""page_numbers"": 0,
    ""response_warning"": false,
    ""use_llm"": true
}",https://drive.google.com/file/d/1UG4eoZCjd39r9AsR3KoPrc-gVSDZIoa0/view?usp=sharing
72,"{
    ""uuid"": ""398a19ee-2414-11f0-a256-b8ca3af3851a"",
    ""results"": [
        {
            ""file_name"": ""HKD_TTK.jpg"",
            ""extract_data"": {
                ""classes_name_info_invoices"": {
                    ""registration_location"": ""UBND THÀNH PHỐ UÔNG BÍ"",
                    ""business_type"": ""Hộ kinh doanh"",
                    ""business_code"": ""22C8009098"",
                    ""business_tax_code"": ""8533570537-001"",
                    ""regis_date"": ""24/03/2025"",
                    ""date_of_change"": """"
                },
                ""classes_name_info_company"": {
                    ""company_name"": ""HỘ KINH DOANH TRẦN TRUNG KIÊN 1999"",
                    ""company_name_vi"": ""HỘ KINH DOANH TRẦN TRUNG KIÊN 1999"",
                    ""company_name_en"": """",
                    ""short_name"": """",
                    ""company_address"": ""Số 24, Đống Tiến, Tổ 30, Khu 8, Phường Quang Trung, Thành phố Uông Bí, Tỉnh Quảng Ninh, Việt Nam"",
                    ""company_phone"": ""0359859994"",
                    ""fax"": """",
                    ""email"": """",
                    ""website"": """",
                    ""business_entity"": ""Cá nhân"",
                    ""business_field"": ""Nhà hàng và các dịch vụ ăn uống phục vụ lưu động (Chi tiết: Nhà hàng, quán ăn, hàng ăn uống (trừ các cửa hàng ăn uống theo chuỗi, cửa hàng ăn nhanh))"",
                    ""business_field_id"": [
                        ""5610""
                    ],
                    ""authorized_capital"": ""200.000.000 đồng"",
                    ""authorized_capital_num"": ""200.000.000 đồng"",
                    ""authorized_capital_char"": ""Hai trăm triệu đồng"",
                    ""par_value"": """",
                    ""total_share"": """",
                    ""shares_available_for_sale"": """"
                },
                ""classes_name_key_contributior"": [],
                ""classes_name_key_legal_representative"": [],
                ""classes_name_key_company_owner_info"": [
                    {
                        ""order_number"": """",
                        ""person_name"": ""TRẦN TRUNG KIÊN"",
                        ""representative_address"": ""Tổ 8, Khu 2, Phường Quang Trung, Thành phố Uông Bí, Tỉnh Quảng Ninh, Việt Nam"",
                        ""household_address"": ""Tổ 8, Khu 2, Phường Quang Trung, Thành phố Uông Bí, Tỉnh Quảng Ninh, Việt Nam"",
                        ""nationality"": ""Việt Nam"",
                        ""share_type"": """",
                        ""number_of_shares"": """",
                        ""share_value"": """",
                        ""proportion"": """",
                        ""card_number"": ""022099001051"",
                        ""note"": """",
                        ""dob"": ""10/12/1999"",
                        ""issue_date"": ""16/12/2024"",
                        ""issued_at"": ""Bộ Công an"",
                        ""card_type"": """",
                        ""gender"": ""Nam"",
                        ""representative_title"": """",
                        ""ethnicity"": ""Kinh"",
                        ""owner_organize_name"": """",
                        ""owner_organize_code"": """",
                        ""owner_organize_issue_date"": """",
                        ""owner_organize_issued_at"": """",
                        ""owner_organize_address"": """"
                    }
                ],
                ""classes_name_company_branch"": []
            }
        }
    ],
    ""status"": 200,
    ""message"": ""thành công"",
    ""business_warning"": false,
    ""page_numbers"": 0,
    ""response_warning"": false,
    ""use_llm"": true
}",https://drive.google.com/file/d/1bPurf6hTLXs0mOpwZYH_u2wUzqWREart/view?usp=sharing
73,"{
    ""uuid"": ""4e35d518-2414-11f0-a256-b8ca3af3851a"",
    ""results"": [
        {
            ""file_name"": ""HKD_TUANKHANG.jpg"",
            ""extract_data"": {
                ""classes_name_info_invoices"": {
                    ""registration_location"": ""UBND Huyện Nhơn Trạch"",
                    ""business_type"": ""Hộ kinh doanh"",
                    ""business_code"": ""47I8010163"",
                    ""business_tax_code"": """",
                    ""regis_date"": ""14/05/2017"",
                    ""date_of_change"": """"
                },
                ""classes_name_info_company"": {
                    ""company_name"": ""TUẤN KHANG"",
                    ""company_name_vi"": ""TUẤN KHANG"",
                    ""company_name_en"": """",
                    ""short_name"": """",
                    ""company_address"": ""Ấp Bến Sắn, Xã Phước Thiền, Nhơn Trạch"",
                    ""company_phone"": ""0916186786"",
                    ""fax"": """",
                    ""email"": """",
                    ""website"": """",
                    ""business_entity"": """",
                    ""business_field"": ""Mua bán, sửa chữa xe mô tô"",
                    ""business_field_id"": [],
                    ""authorized_capital"": ""800.000.000 đồng"",
                    ""authorized_capital_num"": ""800.000.000 đồng"",
                    ""authorized_capital_char"": ""Tám trăm triệu đồng"",
                    ""par_value"": """",
                    ""total_share"": """",
                    ""shares_available_for_sale"": """"
                },
                ""classes_name_key_contributior"": [],
                ""classes_name_key_legal_representative"": [],
                ""classes_name_key_company_owner_info"": [
                    {
                        ""order_number"": """",
                        ""person_name"": ""CHÂU MINH MẪN"",
                        ""representative_address"": ""Vĩnh Tường, Vị Thủy, Hậu Giang"",
                        ""household_address"": ""Ấp Bến Sắn, Xã Phước Thiền, Nhơn Trạch"",
                        ""nationality"": """",
                        ""share_type"": """",
                        ""number_of_shares"": """",
                        ""share_value"": """",
                        ""proportion"": """",
                        ""card_number"": ""364125540"",
                        ""note"": """",
                        ""dob"": ""13/07/1984"",
                        ""issue_date"": ""12/12/2016"",
                        ""issued_at"": ""CA Hậu Giang"",
                        ""card_type"": """",
                        ""gender"": ""Nam"",
                        ""representative_title"": """",
                        ""ethnicity"": ""Kinh"",
                        ""owner_organize_name"": """",
                        ""owner_organize_code"": """",
                        ""owner_organize_issue_date"": """",
                        ""owner_organize_issued_at"": """",
                        ""owner_organize_address"": """"
                    }
                ],
                ""classes_name_company_branch"": []
            }
        }
    ],
    ""status"": 200,
    ""message"": ""thành công"",
    ""business_warning"": false,
    ""page_numbers"": 0,
    ""response_warning"": false,
    ""use_llm"": true
}",https://drive.google.com/file/d/1TyttAcu-7jbYDG2N7sKClMxVg6_BLHIm/view?usp=sharing
74,"{
    ""uuid"": ""1fd59896-2411-11f0-a256-b8ca3af3851a"",
    ""results"": [
        {
            ""file_name"": ""HKD.NTTT.jpeg"",
            ""extract_data"": {
                ""classes_name_info_invoices"": {
                    ""registration_location"": ""UBND THÀNH PHỐ THỦ ĐỨC"",
                    ""business_type"": ""Hộ kinh doanh"",
                    ""business_code"": ""41Y8001163"",
                    ""business_tax_code"": ""8562174175"",
                    ""regis_date"": ""11/05/2021"",
                    ""date_of_change"": ""21/03/2024""
                },
                ""classes_name_info_company"": {
                    ""company_name"": ""HỘ KINH DOANH NGUYỄN THỊ THANH TRÚC"",
                    ""company_name_vi"": """",
                    ""company_name_en"": """",
                    ""short_name"": """",
                    ""company_address"": ""Số 25 đường 25, Phường Cát Lái, Thành phố Thủ Đức, Thành phố Hồ Chí Minh, Việt Nam"",
                    ""company_phone"": ""0909256505"",
                    ""fax"": """",
                    ""email"": """",
                    ""website"": """",
                    ""business_entity"": ""Cá nhân"",
                    ""business_field"": ""Nhà hàng và các dịch vụ ăn uống phục vụ lưu động"",
                    ""business_field_id"": [
                        ""5610""
                    ],
                    ""authorized_capital"": ""20.000.000 đồng"",
                    ""authorized_capital_num"": ""20.000.000 đồng"",
                    ""authorized_capital_char"": ""Hai mươi triệu đồng"",
                    ""par_value"": """",
                    ""total_share"": """",
                    ""shares_available_for_sale"": """"
                },
                ""classes_name_key_contributior"": [],
                ""classes_name_key_legal_representative"": [],
                ""classes_name_key_company_owner_info"": [
				{
                        ""order_number"": """",
                        ""person_name"": ""NGUYỄN THỊ THANH TRÚC"",
                        ""representative_address"": ""Số 162/9 Ấp Cây Bàng 3,  Phường Thủ Thiêm, Thành phố Thủ Đức, Thành phố Hồ Chí Minh, Việt Nam"",
                        ""household_address"": ""Số 25 Đường 25, Phường Cát Lái, Thành phố Thủ Đức, Thành phố Hồ Chí Minh, Việt Nam"",
                        ""nationality"": ""Việt Nam"",
                        ""share_type"": """",
                        ""number_of_shares"": """",
                        ""share_value"": """",
                        ""proportion"": """",
                        ""card_number"": ""079193020294"",
                        ""note"": """",
                        ""dob"": ""07/03/1993"",
                        ""issue_date"": ""19/01/2022"",
                        ""issued_at"": ""Cục Cảnh sát Quản lý hành chính và trật tự xã hội"",
                        ""card_type"": """",
                        ""gender"": ""Nữ"",
                        ""representative_title"": """",
                        ""ethnicity"": ""Kinh"",
			""owner_organize_name"": """",
                        ""owner_organize_code"": """",
                        ""owner_organize_issue_date"": """",
                        ""owner_organize_issued_at"": """",
                        ""owner_organize_address"": """"
                    }
				],
                ""classes_name_company_branch"": []
            }
        }
    ],
    ""status"": 200,
    ""message"": ""thành công"",
    ""business_warning"": false,
    ""page_numbers"": 0,
    ""response_warning"": false,
    ""use_llm"": true
}",https://drive.google.com/file/d/1dwTDIzIOyIi3ibhFnIRPCsdgpnEWjw_s/view?usp=sharing
75,"{
    ""uuid"": ""e96f8f38-2414-11f0-a256-b8ca3af3851a"",
    ""results"": [
        {
            ""file_name"": ""TNHH_HIFA(1).pdf"",
            ""extract_data"": {
                ""classes_name_info_invoices"": {
                    ""registration_location"": ""Sở Kế Hoạch Đầu Tư Thành Phố Hồ Chí Minh"",
                    ""business_type"": ""Doanh nghiệp"",
                    ""business_code"": ""0314428533"",
                    ""business_tax_code"": ""0314428533"",
                    ""regis_date"": ""27/05/2017"",
                    ""date_of_change"": ""12/09/2017""
                },
                ""classes_name_info_company"": {
                    ""company_name"": ""CÔNG TY TNHH THƯƠNG MẠI HIFA"",
                    ""company_name_vi"": ""CÔNG TY TNHH THƯƠNG MẠI HIFA"",
                    ""company_name_en"": ""HIFA TRADING COMPANY LIMITED"",
                    ""short_name"": """",
                    ""company_address"": ""300B Nguyễn Tất Thành, Phường 13, Quận 4, Thành phố Hồ Chí Minh, Việt Nam"",
                    ""company_phone"": ""028 8832 0888"",
                    ""fax"": """",
                    ""email"": """",
                    ""website"": """",
                    ""business_entity"": """",
                    ""business_field"": """",
                    ""business_field_id"": [],
                    ""authorized_capital"": ""300.000.000 đồng"",
                    ""authorized_capital_num"": ""300.000.000 đồng"",
                    ""authorized_capital_char"": ""Ba trăm triệu đồng"",
                    ""par_value"": """",
                    ""total_share"": """",
                    ""shares_available_for_sale"": """"
                },
                ""classes_name_key_contributior"": [],
                ""classes_name_key_legal_representative"": [
                    {
                        ""order_number"": """",
                        ""person_name"": ""ĐẶNG THANH LONG"",
                        ""representative_address"": ""Thôn 8, Xã Pơng Drang, Huyện Krông Buk, Tỉnh Đắk Lắk, Việt Nam"",
                        ""household_address"": ""86/8 Phổ Quang, Phường 2, Quận Tân Bình, Thành phố Hồ Chí Minh, Việt Nam"",
                        ""nationality"": ""Việt Nam"",
                        ""share_type"": """",
                        ""number_of_shares"": """",
                        ""share_value"": """",
                        ""proportion"": """",
                        ""card_number"": ""240887703"",
                        ""note"": """",
                        ""dob"": ""20/08/1988"",
                        ""issue_date"": ""03/02/2017"",
                        ""issued_at"": ""Công an Tỉnh Đắk Lắk"",
                        ""card_type"": ""Chứng minh nhân dân"",
                        ""gender"": ""Nam"",
                        ""representative_title"": ""Giám đốc"",
                        ""ethnicity"": ""Kinh""
                    }
                ],
                ""classes_name_key_company_owner_info"": [
                    {
                        ""order_number"": """",
                        ""person_name"": ""ĐẶNG THANH LONG"",
                        ""representative_address"": ""Thôn 8, Xã Pơng Drang, Huyện Krông Buk, Tỉnh Đắk Lắk, Việt Nam"",
                        ""household_address"": ""86/8 Phổ Quang, Phường 2, Quận Tân Bình, Thành phố Hồ Chí Minh, Việt Nam"",
                        ""nationality"": ""Việt Nam"",
                        ""share_type"": """",
                        ""number_of_shares"": """",
                        ""share_value"": """",
                        ""proportion"": """",
                        ""card_number"": ""240887703"",
                        ""note"": """",
                        ""dob"": ""20/08/1988"",
                        ""issue_date"": ""03/02/2017"",
                        ""issued_at"": ""Công an Tỉnh Đắk Lắk"",
                        ""card_type"": ""Chứng minh nhân dân"",
                        ""gender"": ""Nam"",
                        ""representative_title"": """",
                        ""ethnicity"": ""Kinh"",
                        ""owner_organize_name"": """",
                        ""owner_organize_code"": """",
                        ""owner_organize_issue_date"": """",
                        ""owner_organize_issued_at"": """",
                        ""owner_organize_address"": """"
                    }
                ],
                ""classes_name_company_branch"": []
            }
        }
    ],
    ""status"": 200,
    ""message"": ""thành công"",
    ""business_warning"": false,
    ""page_numbers"": 0,
    ""response_warning"": false,
    ""use_llm"": true
}",https://drive.google.com/file/d/1g80QyVx5B1DSse3JrGqnvWxTXRW6dpP7/view?usp=sharing
76,"{
    ""uuid"": ""06a5cd1a-2415-11f0-a256-b8ca3af3851a"",
    ""results"": [
        {
            ""file_name"": ""TNHH_HOANGTHIENPHAT(1).pdf"",
            ""extract_data"": {
                ""classes_name_info_invoices"": {
                    ""registration_location"": ""Sở Kế Hoạch và Đầu Tư Thành Phố Hồ Chí Minh Phòng đăng ký kinh doanh"",
                    ""business_type"": ""Doanh nghiệp"",
                    ""business_code"": ""0316353410"",
                    ""business_tax_code"": ""0316353410"",
                    ""regis_date"": ""26/06/2020"",
                    ""date_of_change"": ""18/07/2024""
                },
                ""classes_name_info_company"": {
                    ""company_name"": ""Công Ty TNHH Thương Mại Hoàng Thiên Phát"",
                    ""company_name_vi"": ""Công Ty TNHH Thương Mại Hoàng Thiên Phát"",
                    ""company_name_en"": ""Hoang Thien Phat Trading Co., Ltd"",
                    ""short_name"": ""Hoang Thien Phat"",
                    ""company_address"": ""354/41/24 Phan Văn Trị, Phường 11, Quận Bình Thạnh, Thành phố Hồ Chí Minh, Việt Nam"",
                    ""company_phone"": ""0939368123"",
                    ""fax"": """",
                    ""email"": ""hoangthienphat368@gmail.com"",
                    ""website"": """",
                    ""business_entity"": """",
                    ""business_field"": """",
                    ""business_field_id"": [],
                    ""authorized_capital"": ""5.800.000.000 đồng"",
                    ""authorized_capital_num"": ""5.800.000.000 đồng"",
                    ""authorized_capital_char"": ""Năm tỷ tám trăm triệu đồng"",
                    ""par_value"": """",
                    ""total_share"": """",
                    ""shares_available_for_sale"": """"
                },
                ""classes_name_key_contributior"": [],
                ""classes_name_key_legal_representative"": [
                    {
                        ""order_number"": """",
                        ""person_name"": ""Trần Minh Hoàng"",
                        ""representative_address"": ""T6 Thuận Phước, Xã Truông Mít, Huyện Dương Minh Châu, Tỉnh Tây Ninh, Việt Nam"",
                        ""household_address"": ""354/41/24 Phan Văn Trị, Phường 11, Quận Bình Thạnh, Thành phố Hồ Chí Minh, Việt Nam"",
                        ""nationality"": ""Việt Nam"",
                        ""share_type"": """",
                        ""number_of_shares"": """",
                        ""share_value"": """",
                        ""proportion"": """",
                        ""card_number"": ""072088013283"",
                        ""note"": """",
                        ""dob"": ""10/05/1988"",
                        ""issue_date"": ""26/09/2022"",
                        ""issued_at"": ""Cục cảnh sát QLHCVTTXH"",
                        ""card_type"": ""Thẻ căn cước công dân"",
                        ""gender"": ""Nam"",
                        ""representative_title"": ""Giám đốc"",
                        ""ethnicity"": ""Kinh""
                    }
                ],
                ""classes_name_key_company_owner_info"": [
                    {
                        ""order_number"": """",
                        ""person_name"": ""Trần Minh Hoàng"",
                        ""representative_address"": ""T6 Thuận Phước, Xã Truông Mít, Huyện Dương Minh Châu, Tỉnh Tây Ninh, Việt Nam"",
                        ""household_address"": ""354/41/24 Phan Văn Trị, Phường 11, Quận Bình Thạnh, Thành phố Hồ Chí Minh, Việt Nam"",
                        ""nationality"": ""Việt Nam"",
                        ""share_type"": """",
                        ""number_of_shares"": """",
                        ""share_value"": """",
                        ""proportion"": """",
                        ""card_number"": ""072088013283"",
                        ""note"": """",
                        ""dob"": ""10/05/1988"",
                        ""issue_date"": ""26/09/2022"",
                        ""issued_at"": ""Cục cảnh sát QLHCVTTXH"",
                        ""card_type"": ""Thẻ căn cước công dân"",
                        ""gender"": ""Nam"",
                        ""representative_title"": """",
                        ""ethnicity"": ""Kinh"",
                        ""owner_organize_name"": """",
                        ""owner_organize_code"": """",
                        ""owner_organize_issue_date"": """",
                        ""owner_organize_issued_at"": """",
                        ""owner_organize_address"": """"
                    }
                ],
                ""classes_name_company_branch"": []
            }
        }
    ],
    ""status"": 200,
    ""message"": ""thành công"",
    ""business_warning"": false,
    ""page_numbers"": 0,
    ""response_warning"": false,
    ""use_llm"": true
}",https://drive.google.com/file/d/11Cje-vItreXMB_6fHn5qCMjYJmTWSVQw/view?usp=sharing
77,"{
    ""uuid"": ""21b9eab4-2415-11f0-a256-b8ca3af3851a"",
    ""results"": [
        {
            ""file_name"": ""TNHH_LMCATION(1).pdf"",
            ""extract_data"": {
                ""classes_name_info_invoices"": {
                    ""registration_location"": ""SỞ KẾ HOẠCH VÀ ĐẦU TƯ THÀNH PHỐ HỒ CHÍ MINH Phòng đăng ký kinh doanh"",
                    ""business_type"": ""Doanh nghiệp"",
                    ""business_code"": ""0316787295"",
                    ""business_tax_code"": ""0316787295"",
                    ""regis_date"": ""05/04/2021"",
                    ""date_of_change"": """"
                },
                ""classes_name_info_company"": {
                    ""company_name"": ""CÔNG TY TNHH LMCACTION"",
                    ""company_name_vi"": ""CÔNG TY TNHH LMCACTION"",
                    ""company_name_en"": ""LMCACTION LIMITED COMPANY"",
                    ""short_name"": ""LMCACTION CO.,LTD"",
                    ""company_address"": ""58 Hoa Cau, Phường 07, Quận Phú Nhuận, Thành phố Hồ Chí Minh, Việt Nam"",
                    ""company_phone"": ""0777121299"",
                    ""fax"": """",
                    ""email"": ""info@lmcation.co"",
                    ""website"": """",
                    ""business_entity"": """",
                    ""business_field"": """",
                    ""business_field_id"": [],
                    ""authorized_capital"": ""2.000.000.000 đồng"",
                    ""authorized_capital_num"": ""2.000.000.000 đồng"",
                    ""authorized_capital_char"": ""Hai tỷ đồng"",
                    ""par_value"": """",
                    ""total_share"": """",
                    ""shares_available_for_sale"": """"
                },
                ""classes_name_key_contributior"": [],
                ""classes_name_key_legal_representative"": [
                    {
                        ""order_number"": """",
                        ""person_name"": ""NGUYỄN THỊ ANH THƯ"",
                        ""representative_address"": ""14C Phạm Văn, Phường Phú Thọ Hoà, Quận Tân Phú, Thành phố Hồ Chí Minh, Việt Nam"",
                        ""household_address"": ""1 Võ Trường Toản, Phường Thảo Điền, Thành phố Thủ Đức, Thành phố Hồ Chí Minh, Việt Nam"",
                        ""nationality"": ""Việt Nam"",
                        ""share_type"": """",
                        ""number_of_shares"": """",
                        ""share_value"": """",
                        ""proportion"": """",
                        ""card_number"": ""048190000025"",
                        ""note"": """",
                        ""dob"": ""23/09/1990"",
                        ""issue_date"": ""20/06/2017"",
                        ""issued_at"": ""Cục Trưởng Cục Cảnh Sát ĐKQL Cư Trú Và DLQG Về Dân Cư"",
                        ""card_type"": ""Thẻ căn cước công dân"",
                        ""gender"": ""Nữ"",
                        ""representative_title"": ""Giám đốc"",
                        ""ethnicity"": ""Kinh""
                    }
                ],
                ""classes_name_key_company_owner_info"": [
                    {
                        ""order_number"": """",
                        ""person_name"": ""NGUYỄN THỊ ANH THƯ"",
                        ""representative_address"": ""14C Phạm Văn, Phường Phú Thọ Hoà, Quận Tân Phú, Thành phố Hồ Chí Minh, Việt Nam"",
                        ""household_address"": ""1 Võ Trường Toản, Phường Thảo Điền, Thành phố Thủ Đức, Thành phố Hồ Chí Minh, Việt Nam"",
                        ""nationality"": ""Việt Nam"",
                        ""share_type"": """",
                        ""number_of_shares"": """",
                        ""share_value"": """",
                        ""proportion"": """",
                        ""card_number"": ""048190000025"",
                        ""note"": """",
                        ""dob"": ""23/09/1990"",
                        ""issue_date"": ""20/06/2017"",
                        ""issued_at"": ""Cục Trưởng Cục Cảnh Sát ĐKQL Cư Trú Và DLQG Về Dân Cư"",
                        ""card_type"": ""Thẻ căn cước công dân"",
                        ""gender"": ""Nữ"",
                        ""representative_title"": """",
                        ""ethnicity"": ""Kinh"",
                        ""owner_organize_name"": """",
                        ""owner_organize_code"": """",
                        ""owner_organize_issue_date"": """",
                        ""owner_organize_issued_at"": """",
                        ""owner_organize_address"": """"
                    }
                ],
                ""classes_name_company_branch"": []
            }
        }
    ],
    ""status"": 200,
    ""message"": ""thành công"",
    ""business_warning"": false,
    ""page_numbers"": 0,
    ""response_warning"": false,
    ""use_llm"": true
}",https://drive.google.com/file/d/1Uc9q8e8UTxE5UF07DAEZzbEowfehLDAl/view?usp=sharing
78,"{
    ""uuid"": ""580f4456-2415-11f0-a256-b8ca3af3851a"",
    ""results"": [
        {
            ""file_name"": ""TNHH_LUNABEAUTIFUL(2.1).pdf"",
            ""extract_data"": {
                ""classes_name_info_invoices"": {
                    ""registration_location"": ""Sở Kế Hoạch Và Đầu Tư Thành Phố Hồ Chí Minh Phòng đăng ký kinh doanh"",
                    ""business_type"": ""Doanh nghiệp"",
                    ""business_code"": ""0318454333"",
                    ""business_tax_code"": ""0318454333"",
                    ""regis_date"": ""13/05/2024"",
                    ""date_of_change"": ""20/01/2025""
                },
                ""classes_name_info_company"": {
                    ""company_name"": ""CÔNG TY TNHH THE LUNA BEAUTY SPA"",
                    ""company_name_vi"": ""CÔNG TY TNHH THE LUNA BEAUTY SPA"",
                    ""company_name_en"": ""THE LUNA BEAUTY SPA COMPANY LIMITED"",
                    ""short_name"": ""THE LUNA BEAUTY SPA"",
                    ""company_address"": ""K.1.01 Khu nhà ở xã Phước Kiển Sunrise Riverside, ấp 5, Xã Phước Kiển, Huyện Nhà Bè, Thành phố Hồ Chí Minh, Việt Nam"",
                    ""company_phone"": ""0344031168"",
                    ""fax"": """",
                    ""email"": ""thelunabeautysvch@gmail.com"",
                    ""website"": """",
                    ""business_entity"": """",
                    ""business_field"": """",
                    ""business_field_id"": [],
                    ""authorized_capital"": ""3.000.000.000 đồng"",
                    ""authorized_capital_num"": ""3.000.000.000 đồng"",
                    ""authorized_capital_char"": ""Ba tỷ đồng"",
                    ""par_value"": """",
                    ""total_share"": """",
                    ""shares_available_for_sale"": """"
                },
                ""classes_name_key_contributior"": [],
                ""classes_name_key_legal_representative"": [
                    {
                        ""order_number"": """",
                        ""person_name"": ""NGUYỄN THANH NHÀN"",
                        ""representative_address"": ""Khóm 2, Phường 1, Thị xã Vĩnh Châu, Tỉnh Sóc Trăng, Việt Nam"",
                        ""household_address"": ""K.1.01 Khu nhà ở xã Phước Kiển Sunrise Riverside, ấp 5, Xã Phước Kiển, Huyện Nhà Bè, Thành phố Hồ Chí Minh, Việt Nam"",
                        ""nationality"": ""Việt Nam"",
                        ""share_type"": """",
                        ""number_of_shares"": """",
                        ""share_value"": """",
                        ""proportion"": """",
                        ""card_number"": ""094184011375"",
                        ""note"": """",
                        ""dob"": ""25/06/1984"",
                        ""issue_date"": ""15/09/2022"",
                        ""issued_at"": ""Cục trưởng cục quản lý hành chính về trật tự xã hội"",
                        ""card_type"": ""Thẻ căn cước công dân"",
                        ""gender"": ""Nữ"",
                        ""representative_title"": ""Giám đốc"",
                        ""ethnicity"": ""Kinh""
                    }
                ],
                ""classes_name_key_company_owner_info"": [
                    {
                        ""order_number"": """",
                         ""person_name"": ""NGUYỄN THANH NHÀN"",
                        ""representative_address"": ""Khóm 2, Phường 1, Thị xã Vĩnh Châu, Tỉnh Sóc Trăng, Việt Nam"",
                        ""household_address"": ""K.1.01 Khu nhà ở xã Phước Kiển Sunrise Riverside, ấp 5, Xã Phước Kiển, Huyện Nhà Bè, Thành phố Hồ Chí Minh, Việt Nam"",
                        ""nationality"": ""Việt Nam"",
                        ""share_type"": """",
                        ""number_of_shares"": """",
                        ""share_value"": """",
                        ""proportion"": """",
                        ""card_number"": ""094184011375"",
                        ""note"": """",
                        ""dob"": ""25/06/1984"",
                        ""issue_date"": ""15/09/2022"",
                        ""issued_at"": ""Cục trưởng cục quản lý hành chính về trật tự xã hội"",
                        ""card_type"": ""Thẻ căn cước công dân"",
                        ""gender"": ""Nữ"",
                        ""representative_title"": """",
                        ""ethnicity"": ""Kinh"",
                        ""owner_organize_name"": """",
                        ""owner_organize_code"": """",
                        ""owner_organize_issue_date"": """",
                        ""owner_organize_issued_at"": """",
                        ""owner_organize_address"": """"
                    }
                ],
                ""classes_name_company_branch"": []
            }
        }
    ],
    ""status"": 200,
    ""message"": ""thành công"",
    ""business_warning"": false,
    ""page_numbers"": 0,
    ""response_warning"": false,
    ""use_llm"": true
}",https://drive.google.com/file/d/1oRWvfIZ-ZDyBp8NtnTqNwGzo5KUpF9wm/view?usp=sharing
79,"{
    ""uuid"": ""91076040-2415-11f0-a256-b8ca3af3851a"",
    ""results"": [
        {
            ""file_name"": ""TNHH_MISA(1).pdf"",
            ""extract_data"": {
                ""classes_name_info_invoices"": {
                    ""registration_location"": ""Sở Kế Hoạch Và Đầu Tư Tỉnh Phú Thọ Phòng đăng ký kinh doanh"",
                    ""business_type"": ""Doanh nghiệp"",
                    ""business_code"": ""2601092640"",
                    ""business_tax_code"": ""2601092640"",
                    ""regis_date"": ""17/05/2023"",
                    ""date_of_change"": """"
                },
                ""classes_name_info_company"": {
                    ""company_name"": ""CÔNG TY TNHH DP MISA"",
                    ""company_name_vi"": ""CÔNG TY TNHH DP MISA"",
                    ""company_name_en"": ""DP MISA COMPANY LIMITED"",
                    ""short_name"": ""DP MISA CO., LTD"",
                    ""company_address"": ""Số 146 Nguyễn Du, Phường Nông Trang, Thành phố Việt Trì, Tỉnh Phú Thọ, Việt Nam"",
                    ""company_phone"": ""0328475555"",
                    ""fax"": """",
                    ""email"": """",
                    ""website"": """",
                    ""business_entity"": """",
                    ""business_field"": """",
                    ""business_field_id"": [],
                    ""authorized_capital"": ""2.000.000.000 đồng"",
                    ""authorized_capital_num"": ""2.000.000.000 đồng"",
                    ""authorized_capital_char"": ""Hai tỷ đồng"",
                    ""par_value"": """",
                    ""total_share"": """",
                    ""shares_available_for_sale"": """"
                },
                ""classes_name_key_contributior"": [],
                ""classes_name_key_legal_representative"": [
                                        {
                        ""order_number"": """",
                        ""person_name"": ""NGUYỄN THỊ THẢO MY"",
                        ""representative_address"": ""Hẻm 15B Hoàng Văn Thụ, Phường Đức Thắng, Thành phố Phan Thiết, Tỉnh Bình Thuận, Việt Nam"",
                        ""household_address"": ""Số 146 Nguyễn Du, Phường Nông Trang, Thành phố Việt Trì, Tỉnh Phú Thọ, Việt Nam"",
                        ""nationality"": ""Việt Nam"",
                        ""share_type"": """",
                        ""number_of_shares"": """",
                        ""share_value"": """",
                        ""proportion"": """",
                        ""card_number"": ""060190014469"",
                        ""note"": """",
                        ""dob"": ""05/01/1990"",
                        ""issue_date"": ""25/10/2022"",
                        ""issued_at"": ""Cục cảnh sát quản lý hành chính về trật tự xã hội"",
                        ""card_type"": ""Thẻ căn cước công dân"",
                        ""gender"": ""Nữ"",
                        ""representative_title"": """",
                        ""ethnicity"": ""Kinh""
                                        }
                                ],
                ""classes_name_key_company_owner_info"": [
                    {
                        ""order_number"": """",
                        ""person_name"": ""NGUYỄN THỊ THẢO MY"",
                        ""representative_address"": ""Hẻm 15B Hoàng Văn Thụ, Phường Đức Thắng, Thành phố Phan Thiết, Tỉnh Bình Thuận, Việt Nam"",
                        ""household_address"": ""Số 146 Nguyễn Du, Phường Nông Trang, Thành phố Việt Trì, Tỉnh Phú Thọ, Việt Nam"",
                        ""nationality"": ""Việt Nam"",
                        ""share_type"": """",
                        ""number_of_shares"": """",
                        ""share_value"": """",
                        ""proportion"": """",
                        ""card_number"": ""060190014469"",
                        ""note"": """",
                        ""dob"": ""05/01/1990"",
                        ""issue_date"": ""25/10/2022"",
                        ""issued_at"": ""Cục cảnh sát quản lý hành chính về trật tự xã hội"",
                        ""card_type"": ""Thẻ căn cước công dân"",
                        ""gender"": ""Nữ"",
                        ""representative_title"": """",
                        ""ethnicity"": ""Kinh"",
                        ""owner_organize_name"": """",
                        ""owner_organize_code"": """",
                        ""owner_organize_issue_date"": """",
                        ""owner_organize_issued_at"": """",
                        ""owner_organize_address"": """"
                    }
                ],
                ""classes_name_company_branch"": []
            }
        }
    ],
    ""status"": 200,
    ""message"": ""thành công"",
    ""business_warning"": false,
    ""page_numbers"": 0,
    ""response_warning"": false,
    ""use_llm"": true
}",https://drive.google.com/file/d/1iDCwPqLoRAE6PxlR27fcJci22EK1gfVw/view?usp=sharing
80,"{
    ""uuid"": ""e4d77606-2415-11f0-a256-b8ca3af3851a"",
    ""results"": [
        {
            ""file_name"": ""TNHH_TTLCOPIER(1).pdf"",
            ""extract_data"": {
                ""classes_name_info_invoices"": {
                    ""registration_location"": ""Sở Kế hoạch và Đầu tư Thành phố Hồ Chí Minh Phòng đăng ký kinh doanh"",
                    ""business_type"": ""Doanh nghiệp"",
                    ""business_code"": ""0316654979"",
                    ""business_tax_code"": ""0316654979"",
                    ""regis_date"": ""25/12/2020"",
                    ""date_of_change"": ""30/12/2024""
                },
                ""classes_name_info_company"": {
                    ""company_name"": ""CÔNG TY TNHH TTL COPIER VIỆT NAM"",
                    ""company_name_vi"": ""CÔNG TY TNHH TTL COPIER VIỆT NAM"",
                    ""company_name_en"": """",
                    ""short_name"": """",
                    ""company_address"": ""25B Đường số 27, KP5, Phường Hiệp Bình Chánh, Thành phố Thủ Đức, Thành phố Hồ Chí Minh, Việt Nam"",
                    ""company_phone"": ""0969111636"",
                    ""fax"": """",
                    ""email"": ""ttleopier.vn@gmail.com"",
                    ""website"": """",
                    ""business_entity"": """",
                    ""business_field"": """",
                    ""business_field_id"": [],
                    ""authorized_capital"": ""5.000.000.000 đồng"",
                    ""authorized_capital_num"": ""5.000.000.000 đồng"",
                    ""authorized_capital_char"": ""Năm tỷ đồng"",
                    ""par_value"": """",
                    ""total_share"": """",
                    ""shares_available_for_sale"": """"
                },
                ""classes_name_key_contributior"": [],
                ""classes_name_key_legal_representative"": [],
                ""classes_name_key_company_owner_info"": [
                    {
                        ""order_number"": """",
                        ""person_name"": ""ĐINH CÔNG ĐỨC"",
                        ""representative_address"": ""Ấp 5, Xã Phú Ngọc, Huyện Định Quán, Tỉnh Đồng Nai, Việt Nam"",
                        ""household_address"": ""Ấp 5, Xã Phú Ngọc, Huyện Định Quán, Tỉnh Đồng Nai, Việt Nam"",
                        ""nationality"": ""Việt Nam"",
                        ""share_type"": """",
                        ""number_of_shares"": """",
                        ""share_value"": """",
                        ""proportion"": """",
                        ""card_number"": ""037091010140"",
                        ""note"": """",
                        ""dob"": ""21/12/1991"",
                        ""issue_date"": ""24/07/2022"",
                        ""issued_at"": ""Cục Trưởng Cục Cảnh Sát Quản Lý Hành Chính về trật tự xã hội"",
                        ""card_type"": ""Thẻ căn cước công dân"",
                        ""gender"": ""Nam"",
                        ""representative_title"": ""Giám đốc"",
                        ""ethnicity"": ""Kinh"",
                        ""owner_organize_name"": """",
                        ""owner_organize_code"": """",
                        ""owner_organize_issue_date"": """",
                        ""owner_organize_issued_at"": """",
                        ""owner_organize_address"": """"
                    }
                ],
                ""classes_name_company_branch"": []
            }
        }
    ],
    ""status"": 200,
    ""message"": ""thành công"",
    ""business_warning"": false,
    ""page_numbers"": 0,
    ""response_warning"": false,
    ""use_llm"": true
}",https://drive.google.com/file/d/1Acevk41laEgaPXkundYIW1CE6o6RAGUA/view?usp=sharing